,Title,Word,n,nwords
0,Моби Дик,аркадий,1,4887
1,Моби Дик,стругацкий,2,4887
2,Моби Дик,и,243,4887
3,Моби Дик,борис,1,4887
4,Моби Дик,моби,41,4887
5,Моби Дик,дик,23,4887
6,Моби Дик,к,22,4887
7,Моби Дик,концу,1,4887
8,Моби Дик,октября,1,4887
9,Моби Дик,стада,8,4887
10,Моби Дик,усатых,3,4887
11,Моби Дик,китов,4,4887
12,Моби Дик,кашалотов,4,4887
13,Моби Дик,начинали,1,4887
14,Моби Дик,миграцию,1,4887
15,Моби Дик,в,135,4887
16,Моби Дик,экваториальную,1,4887
17,Моби Дик,зону,1,4887
18,Моби Дик,их,7,4887
19,Моби Дик,принимали,1,4887
20,Моби Дик,малайские,1,4887
21,Моби Дик,индонезийские,1,4887
22,Моби Дик,базы,7,4887
23,Моби Дик,а,25,4887
24,Моби Дик,работники,1,4887
25,Моби Дик,океанской,4,4887
26,Моби Дик,охраны,5,4887
27,Моби Дик,курильско-камчатского-алеутского,1,4887
28,Моби Дик,пояса,2,4887
29,Моби Дик,уходили,2,4887
30,Моби Дик,отпуск,3,4887
31,Моби Дик,или,10,4887
32,Моби Дик,занимались,2,4887
33,Моби Дик,любительским,1,4887
34,Моби Дик,патрулированием,1,4887
35,Моби Дик,помогали,1,4887
36,Моби Дик,океанологическим,1,4887
37,Моби Дик,океанографическим,1,4887
38,Моби Дик,экспедициям,1,4887
39,Моби Дик,зимние,4,4887
40,Моби Дик,месяцы,2,4887
41,Моби Дик,на,89,4887
42,Моби Дик,северо-востоке,1,4887
43,Моби Дик,неприятное,1,4887
44,Моби Дик,время,9,4887
45,Моби Дик,года,2,4887
46,Моби Дик,это,44,4887
47,Моби Дик,бури,5,4887
48,Моби Дик,дожди,1,4887
49,Моби Дик,серое,1,4887
50,Моби Дик,угрюмое,1,4887
51,Моби Дик,небо,5,4887
52,Моби Дик,серый,1,4887
53,Моби Дик,злой,1,4887
54,Моби Дик,океан,8,4887
55,Моби Дик,собственно,2,4887
56,Моби Дик,исправление,1,4887
57,Моби Дик,климатических,1,4887
58,Моби Дик,условий,1,4887
59,Моби Дик,беринговом,1,4887
60,Моби Дик,море,1,4887
61,Моби Дик,южнее,1,4887
62,Моби Дик,не,67,4887
63,Моби Дик,составило,1,4887
64,Моби Дик,бы,16,4887
65,Моби Дик,большого,1,4887
66,Моби Дик,труда,1,4887
67,Моби Дик,достаточно,3,4887
68,Моби Дик,было,23,4887
69,Моби Дик,опустить,1,4887
70,Моби Дик,вдоль,2,4887
71,Моби Дик,дуги,1,4887
72,Моби Дик,кка,1,4887
73,Моби Дик,несколько,3,4887
74,Моби Дик,сотен,1,4887
75,Моби Дик,мезонных,1,4887
76,Моби Дик,реакторов,1,4887
77,Моби Дик,стандартных,1,4887
78,Моби Дик,микропогодных,1,4887
79,Моби Дик,установок,1,4887
80,Моби Дик,какие,1,4887
81,Моби Дик,используются,1,4887
82,Моби Дик,мире,3,4887
83,Моби Дик,уже,12,4887
84,Моби Дик,полстолетия,1,4887
85,Моби Дик,но,31,4887
86,Моби Дик,ни,7,4887
87,Моби Дик,один,6,4887
88,Моби Дик,синоптик,1,4887
89,Моби Дик,мог,3,4887
90,Моби Дик,сказать,1,4887
91,Моби Дик,чему,1,4887
92,Моби Дик,приведет,1,4887
93,Моби Дик,после,1,4887
94,Моби Дик,катастрофы,1,4887
95,Моби Дик,вызванной,1,4887
96,Моби Дик,британских,1,4887
97,Моби Дик,островах,1,4887
98,Моби Дик,попыткой,1,4887
99,Моби Дик,утихомирить,1,4887
100,Моби Дик,бискайский,1,4887
101,Моби Дик,залив,2,4887
102,Моби Дик,мировой,1,4887
103,Моби Дик,совет,1,4887
104,Моби Дик,воспретил,1,4887
105,Моби Дик,такие,3,4887
106,Моби Дик,проекты,1,4887
107,Моби Дик,до,13,4887
108,Моби Дик,тех,2,4887
109,Моби Дик,времен,1,4887
110,Моби Дик,когда,11,4887
111,Моби Дик,теоретическая,1,4887
112,Моби Дик,синоптика,1,4887
113,Моби Дик,будет,5,4887
114,Моби Дик,состоянии,1,4887
115,Моби Дик,предсказывать,1,4887
116,Моби Дик,все,25,4887
117,Моби Дик,долговременные,1,4887
118,Моби Дик,последствия,1,4887
119,Моби Дик,значительных,1,4887
120,Моби Дик,изменений,1,4887
121,Моби Дик,макроклимата,1,4887
122,Моби Дик,поэтому,3,4887
123,Моби Дик,по,29,4887
124,Моби Дик,берегам,1,4887
125,Моби Дик,берингова,1,4887
126,Моби Дик,моря,1,4887
127,Моби Дик,остались,1,4887
128,Моби Дик,почти,1,4887
129,Моби Дик,такими,2,4887
130,Моби Дик,же,12,4887
131,Моби Дик,xxii,1,4887
132,Моби Дик,веке,4,4887
133,Моби Дик,какими,1,4887
134,Моби Дик,были,12,4887
135,Моби Дик,скажем,1,4887
136,Моби Дик,xv,1,4887
137,Моби Дик,что,43,4887
138,Моби Дик,касается,1,4887
139,Моби Дик,командира,1,4887
140,Моби Дик,звена,4,4887
141,Моби Дик,субмарин,7,4887
142,Моби Дик,кондратьева,9,4887
143,Моби Дик,то,10,4887
144,Моби Дик,он,47,4887
145,Моби Дик,ездил,1,4887
146,Моби Дик,очень,18,4887
147,Моби Дик,редко,1,4887
148,Моби Дик,ходил,1,4887
149,Моби Дик,патруль,1,4887
150,Моби Дик,никогда,2,4887
151,Моби Дик,предлагал,1,4887
152,Моби Дик,своих,3,4887
153,Моби Дик,услуг,1,4887
154,Моби Дик,океанологам,1,4887
155,Моби Дик,как,26,4887
156,Моби Дик,говорили,1,4887
157,Моби Дик,его,20,4887
158,Моби Дик,друзья,1,4887
159,Моби Дик,кондратьев,51,4887
160,Моби Дик,тешил,1,4887
161,Моби Дик,свои,1,4887
162,Моби Дик,родимые,1,4887
163,Моби Дик,пятна,2,4887
164,Моби Дик,капитализма,1,4887
165,Моби Дик,предавался,1,4887
166,Моби Дик,зимой,4,4887
167,Моби Дик,безудержной,1,4887
168,Моби Дик,лени,1,4887
169,Моби Дик,великолепное,1,4887
170,Моби Дик,овальное,1,4887
171,Моби Дик,здание,1,4887
172,Моби Дик,парамушир,1,4887
173,Моби Дик,уходящее,1,4887
174,Моби Дик,шесть,1,4887
175,Моби Дик,этажей,1,4887
176,Моби Дик,гранит,1,4887
177,Моби Дик,возвышающееся,1,4887
178,Моби Дик,стеклянно-стальным,1,4887
179,Моби Дик,куполом,1,4887
180,Моби Дик,три,3,4887
181,Моби Дик,этажа,1,4887
182,Моби Дик,располагалось,1,4887
183,Моби Дик,мысе,1,4887
184,Моби Дик,капустном,1,4887
185,Моби Дик,квартира,1,4887
186,Моби Дик,кабинет,1,4887
187,Моби Дик,спальня,1,4887
188,Моби Дик,находилась,1,4887
189,Моби Дик,втором,2,4887
190,Моби Дик,этаже,1,4887
191,Моби Дик,окна,2,4887
192,Моби Дик,выходили,1,4887
193,Моби Дик,юг,2,4887
194,Моби Дик,четвертый,1,4887
195,Моби Дик,курильский,1,4887
196,Моби Дик,пролив,2,4887
197,Моби Дик,летом,3,4887
198,Моби Дик,особенно,3,4887
199,Моби Дик,ясные,1,4887
200,Моби Дик,дни,2,4887
201,Моби Дик,из,20,4887
202,Моби Дик,окон,1,4887
203,Моби Дик,можно,4,4887
204,Моби Дик,видеть,4,4887
205,Моби Дик,юго-западе,1,4887
206,Моби Дик,за,15,4887
207,Моби Дик,синей,1,4887
208,Моби Дик,гладью,1,4887
209,Моби Дик,океана,2,4887
210,Моби Дик,белый,3,4887
211,Моби Дик,облачко,1,4887
212,Моби Дик,крошечный,1,4887
213,Моби Дик,треугольник,1,4887
214,Моби Дик,вулкан,1,4887
215,Моби Дик,маканруши,2,4887
216,Моби Дик,чудовищный,1,4887
217,Моби Дик,силы,1,4887
218,Моби Дик,прибой,1,4887
219,Моби Дик,ляпал,1,4887
220,Моби Дик,стекла,1,4887
221,Моби Дик,зеленоватую,1,4887
222,Моби Дик,пузырящуюся,1,4887
223,Моби Дик,пену,1,4887
224,Моби Дик,обстановка,1,4887
225,Моби Дик,квартиры,1,4887
226,Моби Дик,была,10,4887
227,Моби Дик,стандартной,1,4887
228,Моби Дик,привычкам,1,4887
229,Моби Дик,профессиональному,1,4887
230,Моби Дик,духу,1,4887
231,Моби Дик,был,15,4887
232,Моби Дик,аскетом,1,4887
233,Моби Дик,она,13,4887
234,Моби Дик,казалась,2,4887
235,Моби Дик,ему,7,4887
236,Моби Дик,роскошной,1,4887
237,Моби Дик,пытался,1,4887
238,Моби Дик,как-то,4,4887
239,Моби Дик,обжить,1,4887
240,Моби Дик,украсить,1,4887
241,Моби Дик,ее,12,4887
242,Моби Дик,только,15,4887
243,Моби Дик,кабинете,2,4887
244,Моби Дик,над,11,4887
245,Моби Дик,столом,1,4887
246,Моби Дик,повесил,2,4887
247,Моби Дик,полутораметровый,1,4887
248,Моби Дик,клык,1,4887
249,Моби Дик,нарвала,1,4887
250,Моби Дик,убитого,1,4887
251,Моби Дик,рукопашной,1,4887
252,Моби Дик,во,5,4887
253,Моби Дик,подводной,1,4887
254,Моби Дик,прогулки,1,4887
255,Моби Дик,лет,4,4887
256,Моби Дик,пять,4,4887
257,Моби Дик,назад,7,4887
258,Моби Дик,да,13,4887
259,Моби Дик,завел,1,4887
260,Моби Дик,самодельную,1,4887
261,Моби Дик,полочку,1,4887
262,Моби Дик,со,3,4887
263,Моби Дик,старыми,1,4887
264,Моби Дик,книгами,1,4887
265,Моби Дик,взятыми,1,4887
266,Моби Дик,походной,1,4887
267,Моби Дик,библиотеки,1,4887
268,Моби Дик,таймыра,1,4887
269,Моби Дик,любил,2,4887
270,Моби Дик,свою,4,4887
271,Моби Дик,квартиру,1,4887
272,Моби Дик,часами,1,4887
273,Моби Дик,сидел,1,4887
274,Моби Дик,у,17,4887
275,Моби Дик,огромного,1,4887
276,Моби Дик,всю,2,4887
277,Моби Дик,стену,1,4887
278,Моби Дик,беспричинно,1,4887
279,Моби Дик,улыбаясь,1,4887
280,Моби Дик,вглядываясь,1,4887
281,Моби Дик,бушующие,1,4887
282,Моби Дик,волны,10,4887
283,Моби Дик,едва,3,4887
284,Моби Дик,слышно,1,4887
285,Моби Дик,пощелкивает,1,4887
286,Моби Дик,система,1,4887
287,Моби Дик,кондиционирования,1,4887
288,Моби Дик,комнате,1,4887
289,Моби Дик,полумрак,1,4887
290,Моби Дик,тепло,1,4887
291,Моби Дик,уютно,1,4887
292,Моби Дик,возле,1,4887
293,Моби Дик,локтя,1,4887
294,Моби Дик,чашка,1,4887
295,Моби Дик,черного,1,4887
296,Моби Дик,кофе,1,4887
297,Моби Дик,окном,1,4887
298,Моби Дик,страшный,1,4887
299,Моби Дик,ураган,1,4887
300,Моби Дик,несет,1,4887
301,Моби Дик,сжатые,1,4887
302,Моби Дик,массы,1,4887
303,Моби Дик,воздуха,2,4887
304,Моби Дик,перемешанного,1,4887
305,Моби Дик,с,45,4887
306,Моби Дик,дождем,1,4887
307,Моби Дик,снегом,1,4887
308,Моби Дик,вихри,1,4887
309,Моби Дик,соленой,1,4887
310,Моби Дик,воды,5,4887
311,Моби Дик,понять,2,4887
312,Моби Дик,где,9,4887
313,Моби Дик,кончается,1,4887
314,Моби Дик,воздух,2,4887
315,Моби Дик,начинаются,1,4887
316,Моби Дик,пенистые,1,4887
317,Моби Дик,гребни,1,4887
318,Моби Дик,волн,6,4887
319,Моби Дик,еще,10,4887
320,Моби Дик,хорошо,7,4887
321,Моби Дик,встать,1,4887
322,Моби Дик,среди,2,4887
323,Моби Дик,ночи,3,4887
324,Моби Дик,чуть-чуть,3,4887
325,Моби Дик,приоткрыть,1,4887
326,Моби Дик,затененное,1,4887
327,Моби Дик,освещение,1,4887
328,Моби Дик,включить,1,4887
329,Моби Дик,грига,1,4887
330,Моби Дик,шумана,1,4887
331,Моби Дик,покойно,1,4887
332,Моби Дик,слушать,1,4887
333,Моби Дик,тихую,1,4887
334,Моби Дик,музыку,1,4887
335,Моби Дик,различимые,1,4887
336,Моби Дик,шумы,1,4887
337,Моби Дик,зимней,2,4887
338,Моби Дик,потом,4,4887
339,Моби Дик,взять,2,4887
340,Моби Дик,полки,1,4887
341,Моби Дик,потрепанную,1,4887
342,Моби Дик,книжку,1,4887
343,Моби Дик,автора,1,4887
344,Моби Дик,которого,2,4887
345,Моби Дик,давно,2,4887
346,Моби Дик,забыли,1,4887
347,Моби Дик,планете,2,4887
348,Моби Дик,читать,1,4887
349,Моби Дик,вспоминать,2,4887
350,Моби Дик,о,12,4887
351,Моби Дик,далеком,1,4887
352,Моби Дик,прошлом,2,4887
353,Моби Дик,грустя,1,4887
354,Моби Дик,радуясь,1,4887
355,Моби Дик,никак,2,4887
356,Моби Дик,грусть,1,4887
357,Моби Дик,радость,1,4887
358,Моби Дик,приносили,2,4887
359,Моби Дик,эти,2,4887
360,Моби Дик,часы,1,4887
361,Моби Дик,одиночества,1,4887
362,Моби Дик,они,16,4887
363,Моби Дик,счастье,1,4887
364,Моби Дик,многие,2,4887
365,Моби Дик,уезжали,1,4887
366,Моби Дик,улетал,1,4887
367,Моби Дик,среднюю,1,4887
368,Моби Дик,азию,1,4887
369,Моби Дик,женой,1,4887
370,Моби Дик,веселый,2,4887
371,Моби Дик,толя,1,4887
372,Моби Дик,зайцев,1,4887
373,Моби Дик,недели,1,4887
374,Моби Дик,пропадал,1,4887
375,Моби Дик,экспедициях,1,4887
376,Моби Дик,жадный,1,4887
377,Моби Дик,дела,1,4887
378,Моби Дик,эдик,1,4887
379,Моби Дик,свирский,1,4887
380,Моби Дик,отправлялся,1,4887
381,Моби Дик,дальние,1,4887
382,Моби Дик,рейсы,1,4887
383,Моби Дик,серьезный,2,4887
384,Моби Дик,насмешник,1,4887
385,Моби Дик,макс,11,4887
386,Моби Дик,кто,1,4887
387,Моби Дик,оставался,1,4887
388,Моби Дик,базе,5,4887
389,Моби Дик,одни,1,4887
390,Моби Дик,вечерам,1,4887
391,Моби Дик,васильево,1,4887
392,Моби Дик,там,5,4887
393,Моби Дик,танцевали,1,4887
394,Моби Дик,веселились,1,4887
395,Моби Дик,утра,1,4887
396,Моби Дик,другие,2,4887
397,Моби Дик,сидели,1,4887
398,Моби Дик,своим,1,4887
399,Моби Дик,квартирам,1,4887
400,Моби Дик,обрабатывали,1,4887
401,Моби Дик,материалы,1,4887
402,Моби Дик,полученные,1,4887
403,Моби Дик,исследовательской,1,4887
404,Моби Дик,работой,1,4887
405,Моби Дик,сергея,1,4887
406,Моби Дик,ивановича,1,4887
407,Моби Дик,частенько,1,4887
408,Моби Дик,эксплуатировали,1,4887
409,Моби Дик,помогать,1,4887
410,Моби Дик,слушай,1,4887
411,Моби Дик,сергей,9,4887
412,Моби Дик,прости,1,4887
413,Моби Дик,беспокою,1,4887
414,Моби Дик,тебя…,1,4887
415,Моби Дик,ты,2,4887
416,Моби Дик,кажется,1,4887
417,Моби Дик,июне,1,4887
418,Моби Дик,банке,1,4887
419,Моби Дик,тебя,5,4887
420,Моби Дик,есть,6,4887
421,Моби Дик,данные,1,4887
422,Моби Дик,солености,1,4887
423,Моби Дик,дай,2,4887
424,Моби Дик,пожалуйста…,1,4887
425,Моби Дик,спасибо,5,4887
426,Моби Дик,здравствуй,1,4887
427,Моби Дик,холостяк,1,4887
428,Моби Дик,бездельничаешь,1,4887
429,Моби Дик,будь,2,4887
430,Моби Дик,другом,1,4887
431,Моби Дик,помоги,1,4887
432,Моби Дик,труженику,1,4887
433,Моби Дик,твою,1,4887
434,Моби Дик,статистику,1,4887
435,Моби Дик,зубам,1,4887
436,Моби Дик,верхней,1,4887
437,Моби Дик,челюсти,1,4887
438,Моби Дик,кашалотов…,1,4887
439,Моби Дик,вот,14,4887
440,Моби Дик,дружище,1,4887
441,Моби Дик,здоров,1,4887
442,Моби Дик,иванович,8,4887
443,Моби Дик,разрешите…,1,4887
444,Моби Дик,меня,6,4887
445,Моби Дик,спешная,1,4887
446,Моби Дик,работа,2,4887
447,Моби Дик,завтра,1,4887
448,Моби Дик,надо,5,4887
449,Моби Дик,передать,1,4887
450,Моби Дик,хабаровск…,1,4887
451,Моби Дик,я,23,4887
452,Моби Дик,боюсь,4,4887
453,Моби Дик,успею,1,4887
454,Моби Дик,помогите,1,4887
455,Моби Дик,мне,6,4887
456,Моби Дик,посчитать,1,4887
457,Моби Дик,это…,4,4887
458,Моби Дик,поможете,1,4887
459,Моби Дик,хорошо-то,1,4887
460,Моби Дик,сергею,1,4887
461,Моби Дик,ивановичу,1,4887
462,Моби Дик,нравилось,1,4887
463,Моби Дик,незанятые,1,4887
464,Моби Дик,люди,3,4887
465,Моби Дик,собирались,1,4887
466,Моби Дик,правило,3,4887
467,Моби Дик,компании,2,4887
468,Моби Дик,большие,2,4887
469,Моби Дик,маленькие,3,4887
470,Моби Дик,пестрые,1,4887
471,Моби Дик,отряды,1,4887
472,Моби Дик,скалолазов,1,4887
473,Моби Дик,обмотанных,1,4887
474,Моби Дик,вокруг,3,4887
475,Моби Дик,тридцатиметровыми,1,4887
476,Моби Дик,шарфами,1,4887
477,Моби Дик,карабкались,1,4887
478,Моби Дик,обледенелым,1,4887
479,Моби Дик,кручам,1,4887
480,Моби Дик,куда,6,4887
481,Моби Дик,впрочем,2,4887
482,Моби Дик,при,9,4887
483,Моби Дик,желании,1,4887
484,Моби Дик,спокойно,2,4887
485,Моби Дик,подняться,1,4887
486,Моби Дик,тропинкам,1,4887
487,Моби Дик,другой,1,4887
488,Моби Дик,стороны,2,4887
489,Моби Дик,аквалангисты,1,4887
490,Моби Дик,набивались,1,4887
491,Моби Дик,субмарины,6,4887
492,Моби Дик,переправлялись,1,4887
493,Моби Дик,через,4,4887
494,Моби Дик,напролет,1,4887
495,Моби Дик,бродили,1,4887
496,Моби Дик,лабиринтам,1,4887
497,Моби Дик,подводных,1,4887
498,Моби Дик,пещер,1,4887
499,Моби Дик,спортивных,1,4887
500,Моби Дик,залов,1,4887
501,Моби Дик,доносились,2,4887
502,Моби Дик,выкрики,1,4887
503,Моби Дик,топот,1,4887
504,Моби Дик,буханье,1,4887
505,Моби Дик,мячей,1,4887
506,Моби Дик,клубах,1,4887
507,Моби Дик,витийствовали,1,4887
508,Моби Дик,дискуссионеры,1,4887
509,Моби Дик,утилитарных,1,4887
510,Моби Дик,целях,1,4887
511,Моби Дик,развития,1,4887
512,Моби Дик,сообразительности,1,4887
513,Моби Дик,логического,1,4887
514,Моби Дик,мышления,1,4887
515,Моби Дик,обсуждались,1,4887
516,Моби Дик,странные,2,4887
517,Моби Дик,вопросы,1,4887
518,Моби Дик,музыкальных,1,4887
519,Моби Дик,комнатах,1,4887
520,Моби Дик,неподвижиые,1,4887
521,Моби Дик,покойники,1,4887
522,Моби Дик,возлежали,1,4887
523,Моби Дик,глубоких,1,4887
524,Моби Дик,креслах,1,4887
525,Моби Дик,ценители,1,4887
526,Моби Дик,нежнейших,1,4887
527,Моби Дик,мелодий,1,4887
528,Моби Дик,чувствовали,1,4887
529,Моби Дик,себя,3,4887
530,Моби Дик,вместе,3,4887
531,Моби Дик,некоторое,1,4887
532,Моби Дик,исключение,1,4887
533,Моби Дик,составляли,1,4887
534,Моби Дик,художники,1,4887
535,Моби Дик,предпочитавшие,1,4887
536,Моби Дик,развлекаться,1,4887
537,Моби Дик,одиночку,1,4887
538,Моби Дик,чем-то,1,4887
539,Моби Дик,влекло,1,4887
540,Моби Дик,серо-свинцовое,1,4887
541,Моби Дик,однообразие,1,4887
542,Моби Дик,скал,1,4887
543,Моби Дик,ледяной,1,4887
544,Моби Дик,низкого,1,4887
545,Моби Дик,неба,1,4887
546,Моби Дик,большинство,1,4887
547,Моби Дик,них,4,4887
548,Моби Дик,прямого,1,4887
549,Моби Дик,отношения,2,4887
550,Моби Дик,имело,1,4887
551,Моби Дик,приезжали,1,4887
552,Моби Дик,зиму,1,4887
553,Моби Дик,материка,1,4887
554,Моби Дик,необычайно,1,4887
555,Моби Дик,трудолюбивы,1,4887
556,Моби Дик,гениальности,1,4887
557,Моби Дик,крайней,1,4887
558,Моби Дик,мере,1,4887
559,Моби Дик,мнению,1,4887
560,Моби Дик,обнаруживали,1,4887
561,Моби Дик,иногда,3,4887
562,Моби Дик,устраивали,1,4887
563,Моби Дик,коридорах,1,4887
564,Моби Дик,выставки,2,4887
565,Моби Дик,этюдов,1,4887
566,Моби Дик,сбегался,1,4887
567,Моби Дик,народ,3,4887
568,Моби Дик,начинались,1,4887
569,Моби Дик,свирепые,1,4887
570,Моби Дик,споры,2,4887
571,Моби Дик,должен,1,4887
572,Моби Дик,ли,3,4887
573,Моби Дик,художник,1,4887
574,Моби Дик,писать,1,4887
575,Моби Дик,видит,1,4887
576,Моби Дик,чувствует,1,4887
577,Моби Дик,думает,1,4887
578,Моби Дик,скульптор,1,4887
579,Моби Дик,опытнейший,1,4887
580,Моби Дик,работник,1,4887
581,Моби Дик,океанского,1,4887
582,Моби Дик,патруля,1,4887
583,Моби Дик,страдавший,1,4887
584,Моби Дик,однако,1,4887
585,Моби Дик,гигантоманией,1,4887
586,Моби Дик,мечтал,2,4887
587,Моби Дик,создать,1,4887
588,Моби Дик,грандиозную,1,4887
589,Моби Дик,статую,1,4887
590,Моби Дик,чего-то,2,4887
591,Моби Дик,такого,1,4887
592,Моби Дик,скалы,4,4887
593,Моби Дик,окрестностях,1,4887
594,Моби Дик,носили,1,4887
595,Моби Дик,неизгладимые,1,4887
596,Моби Дик,следы,1,4887
597,Моби Дик,вдохновения,1,4887
598,Моби Дик,от,16,4887
599,Моби Дик,времени,3,4887
600,Моби Дик,база,1,4887
601,Моби Дик,оглашалась,1,4887
602,Моби Дик,непривычным,1,4887
603,Моби Дик,оголтело-веселым,1,4887
604,Моби Дик,шумом,3,4887
605,Моби Дик,случалось,1,4887
606,Моби Дик,гости,1,4887
607,Моби Дик,приходили,4,4887
608,Моби Дик,юноши,1,4887
609,Моби Дик,девчонки,1,4887
610,Моби Дик,васильевского,1,4887
611,Моби Дик,рыбного,1,4887
612,Моби Дик,комбината,3,4887
613,Моби Дик,комбинате,1,4887
614,Моби Дик,работало,1,4887
615,Моби Дик,шестьдесят,1,4887
616,Моби Дик,человек,2,4887
617,Моби Дик,двадцать,4,4887
618,Моби Дик,операторов,1,4887
619,Моби Дик,тридцать,2,4887
620,Моби Дик,практикантов,1,4887
621,Моби Дик,кибернетистов-снабженцев,1,4887
622,Моби Дик,обязанности,1,4887
623,Моби Дик,которых,2,4887
624,Моби Дик,лежало,1,4887
625,Моби Дик,грузить,1,4887
626,Моби Дик,отправлять,1,4887
627,Моби Дик,владивосток,1,4887
628,Моби Дик,магадан,1,4887
629,Моби Дик,самоходные,1,4887
630,Моби Дик,кибернетические,1,4887
631,Моби Дик,баржи,1,4887
632,Моби Дик,готовой,1,4887
633,Моби Дик,продукцией,1,4887
634,Моби Дик,налаживать,1,4887
635,Моби Дик,управление,1,4887
636,Моби Дик,подводными,1,4887
637,Моби Дик,баржами,1,4887
638,Моби Дик,так,13,4887
639,Моби Дик,чтобы,4,4887
640,Моби Дик,без,2,4887
641,Моби Дик,промаха,1,4887
642,Моби Дик,назначенный,1,4887
643,Моби Дик,срок,1,4887
644,Моби Дик,нужный,1,4887
645,Моби Дик,порт,1,4887
646,Моби Дик,труднейшая,1,4887
647,Моби Дик,интереснейшая,1,4887
648,Моби Дик,задача,1,4887
649,Моби Дик,студенты-практиканты,1,4887
650,Моби Дик,склонны,1,4887
651,Моби Дик,отлынивать,1,4887
652,Моби Дик,переработки,1,4887
653,Моби Дик,сырья,1,4887
654,Моби Дик,примазывались,1,4887
655,Моби Дик,кибернетистам,1,4887
656,Моби Дик,молодой,2,4887
657,Моби Дик,завода,1,4887
658,Моби Дик,тесно,1,4887
659,Моби Дик,связаны,1,4887
660,Моби Дик,обычно,3,4887
661,Моби Дик,внепроизводственная,1,4887
662,Моби Дик,связь,1,4887
663,Моби Дик,осуществлялась,1,4887
664,Моби Дик,вечеринках,1,4887
665,Моби Дик,комбинатском,1,4887
666,Моби Дик,клубе,1,4887
667,Моби Дик,океанская,3,4887
668,Моби Дик,охрана,3,4887
669,Моби Дик,приглашала,1,4887
670,Моби Дик,гостей,1,4887
671,Моби Дик,себе,5,4887
672,Моби Дик,тогда,13,4887
673,Моби Дик,начиналось,1,4887
674,Моби Дик,столпотворение,1,4887
675,Моби Дик,явившись,1,4887
676,Моби Дик,базу,3,4887
677,Моби Дик,эта,3,4887
678,Моби Дик,толпа,1,4887
679,Моби Дик,сразу,6,4887
680,Моби Дик,рассыпалась,1,4887
681,Моби Дик,кучками,1,4887
682,Моби Дик,комнатам,1,4887
683,Моби Дик,хозяев,1,4887
684,Моби Дик,двери,1,4887
685,Моби Дик,пустой,1,4887
686,Моби Дик,коридор,3,4887
687,Моби Дик,распахнуты,1,4887
688,Моби Дик,наполнялось,1,4887
689,Моби Дик,споров,1,4887
690,Моби Дик,песнями,1,4887
691,Моби Дик,музыкой,1,4887
692,Моби Дик,шарканьем,1,4887
693,Моби Дик,танцующих,2,4887
694,Моби Дик,веселые,1,4887
695,Моби Дик,шатались,1,4887
696,Моби Дик,комнаты,4,4887
697,Моби Дик,комнату…,1,4887
698,Моби Дик,одним,1,4887
699,Моби Дик,словом,1,4887
700,Моби Дик,весьма,1,4887
701,Моби Дик,весело,4,4887
702,Моби Дик,великолепно,1,4887
703,Моби Дик,звукоизолированы,1,4887
704,Моби Дик,весь,3,4887
705,Моби Дик,этот,4,4887
706,Моби Дик,шум,1,4887
707,Моби Дик,гам,1,4887
708,Моби Дик,никому,1,4887
709,Моби Дик,взрослых,1,4887
710,Моби Дик,мешал,1,4887
711,Моби Дик,первое,2,4887
712,Моби Дик,запирался,1,4887
713,Моби Дик,праздничные,1,4887
714,Моби Дик,вечера,2,4887
715,Моби Дик,любопытство,1,4887
716,Моби Дик,зависть,1,4887
717,Моби Дик,победили,1,4887
718,Моби Дик,стал,3,4887
719,Моби Дик,оставлять,1,4887
720,Моби Дик,дверь,2,4887
721,Моби Дик,открытой,2,4887
722,Моби Дик,много,6,4887
723,Моби Дик,пришлось,1,4887
724,Моби Дик,услышать,1,4887
725,Моби Дик,новые,1,4887
726,Моби Дик,песни,2,4887
727,Моби Дик,всех,4,4887
728,Моби Дик,концов,1,4887
729,Моби Дик,света,1,4887
730,Моби Дик,яростные,1,4887
731,Моби Дик,специальным,1,4887
732,Моби Дик,общим,1,4887
733,Моби Дик,вопросам,1,4887
734,Моби Дик,локальные,1,4887
735,Моби Дик,сплетни,1,4887
736,Моби Дик,старших,2,4887
737,Моби Дик,том,2,4887
738,Моби Дик,числе,2,4887
739,Моби Дик,самом,3,4887
740,Моби Дик,объяснения,1,4887
741,Моби Дик,любви,1,4887
742,Моби Дик,мучительно,1,4887
743,Моби Дик,бессвязные,1,4887
744,Моби Дик,даже,2,4887
745,Моби Дик,звуки,2,4887
746,Моби Дик,поцелуев,1,4887
747,Моби Дик,дверью,1,4887
748,Моби Дик,находился,1,4887
749,Моби Дик,узенький,1,4887
750,Моби Дик,тупичок-ниша,1,4887
751,Моби Дик,которым,1,4887
752,Моби Дик,оканчивался,1,4887
753,Моби Дик,кто-то,2,4887
754,Моби Дик,соответственно,1,4887
755,Моби Дик,обставил,1,4887
756,Моби Дик,поставил,1,4887
757,Моби Дик,кресла,2,4887
758,Моби Дик,сосну,1,4887
759,Моби Дик,стеклянном,1,4887
760,Моби Дик,ящике,1,4887
761,Моби Дик,газосветную,1,4887
762,Моби Дик,лампу,2,4887
763,Моби Дик,тусклую,1,4887
764,Моби Дик,подмигивающую,1,4887
765,Моби Дик,ниша,1,4887
766,Моби Дик,называлась,1,4887
767,Моби Дик,ловерс,3,4887
768,Моби Дик,дайм,2,4887
769,Моби Дик,пятачок,1,4887
770,Моби Дик,влюбленных,1,4887
771,Моби Дик,именно,3,4887
772,Моби Дик,сюда,1,4887
773,Моби Дик,плохую,1,4887
774,Моби Дик,погоду,1,4887
775,Моби Дик,объясняться,1,4887
776,Моби Дик,строить,1,4887
777,Моби Дик,планы,1,4887
778,Моби Дик,выяснять,1,4887
779,Моби Дик,подпорченные,1,4887
780,Моби Дик,вздыхал,2,4887
781,Моби Дик,стоя,1,4887
782,Моби Дик,пороге,1,4887
783,Моби Дик,своей,1,4887
784,Моби Дик,слушая,1,4887
785,Моби Дик,шепот,1,4887
786,Моби Дик,отлично,1,4887
787,Моби Дик,виден,2,4887
788,Моби Дик,влюбленным,1,4887
789,Моби Дик,фоне,1,4887
790,Моби Дик,светлого,1,4887
791,Моби Дик,коридора,2,4887
792,Моби Дик,него,8,4887
793,Моби Дик,никто,1,4887
794,Моби Дик,обращал,1,4887
795,Моби Дик,внимания,1,4887
796,Моби Дик,стеснялись,2,4887
797,Моби Дик,вообще,1,4887
798,Моби Дик,никого,1,4887
799,Моби Дик,задевало,1,4887
800,Моби Дик,казалось,1,4887
801,Моби Дик,сопляки,1,4887
802,Моби Дик,смотрят,1,4887
803,Моби Дик,мебель,1,4887
804,Моби Дик,однажды,1,4887
805,Моби Дик,подслушал,1,4887
806,Моби Дик,назвали,1,4887
807,Моби Дик,стражем,1,4887
808,Моби Дик,дайма,1,4887
809,Моби Дик,понял,1,4887
810,Моби Дик,просто,3,4887
811,Моби Дик,считают,2,4887
812,Моби Дик,неким,1,4887
813,Моби Дик,негласным,1,4887
814,Моби Дик,судьей,1,4887
815,Моби Дик,свидетелем,1,4887
816,Моби Дик,общественной,1,4887
817,Моби Дик,совестью,1,4887
818,Моби Дик,тоже,9,4887
819,Моби Дик,обидно,1,4887
820,Моби Дик,захлопывал,1,4887
821,Моби Дик,подолгу,1,4887
822,Моби Дик,ворчанием,1,4887
823,Моби Дик,рассматривал,1,4887
824,Моби Дик,зеркале,1,4887
825,Моби Дик,худую,1,4887
826,Моби Дик,коричневую,1,4887
827,Моби Дик,физиономию,1,4887
828,Моби Дик,ежик,1,4887
829,Моби Дик,жестких,1,4887
830,Моби Дик,волос,1,4887
831,Моби Дик,широким,1,4887
832,Моби Дик,большим,2,4887
833,Моби Дик,лбом,1,4887
834,Моби Дик,уж,3,4887
835,Моби Дик,уныло,1,4887
836,Моби Дик,думал,3,4887
837,Моби Дик,старую,1,4887
838,Моби Дик,мыслишку,1,4887
839,Моби Дик,мне…,1,4887
840,Моби Дик,раз,5,4887
841,Моби Дик,случился,1,4887
842,Моби Дик,сильный,1,4887
843,Моби Дик,тайфун,1,4887
844,Моби Дик,разбили,1,4887
845,Моби Дик,пластмассовую,1,4887
846,Моби Дик,балюстраду,1,4887
847,Моби Дик,огораживавшую,1,4887
848,Моби Дик,оранжерейную,1,4887
849,Моби Дик,площадку,1,4887
850,Моби Дик,следующий,2,4887
851,Моби Дик,день,2,4887
852,Моби Дик,вызову,1,4887
853,Моби Дик,прибыла,1,4887
854,Моби Дик,вся,1,4887
855,Моби Дик,молодежь,1,4887
856,Моби Дик,принялась,1,4887
857,Моби Дик,починку,1,4887
858,Моби Дик,старшие,1,4887
859,Моби Дик,приняли,1,4887
860,Моби Дик,участие,1,4887
861,Моби Дик,самые,1,4887
862,Моби Дик,ловкие,1,4887
863,Моби Дик,сильные,1,4887
864,Моби Дик,ребята,2,4887
865,Моби Дик,опускались,1,4887
866,Моби Дик,люльках,2,4887
867,Моби Дик,крепили,1,4887
868,Моби Дик,легкие,1,4887
869,Моби Дик,пластмассовые,1,4887
870,Моби Дик,плиты,2,4887
871,Моби Дик,камню,1,4887
872,Моби Дик,обрыва,1,4887
873,Моби Дик,предварительно,1,4887
874,Моби Дик,размягчив,1,4887
875,Моби Дик,камень,3,4887
876,Моби Дик,ультразвуком,2,4887
877,Моби Дик,серые,1,4887
878,Моби Дик,ледяные,1,4887
879,Моби Дик,накатывались,1,4887
880,Моби Дик,берег,1,4887
881,Моби Дик,серого,1,4887
882,Моби Дик,тумана,1,4887
883,Моби Дик,ужасным,1,4887
884,Моби Дик,громом,1,4887
885,Моби Дик,лупили,1,4887
886,Моби Дик,стены,1,4887
887,Моби Дик,обдавая,1,4887
888,Моби Дик,висящих,1,4887
889,Моби Дик,потоками,1,4887
890,Моби Дик,брызг,1,4887
891,Моби Дик,работали,2,4887
892,Моби Дик,взялся,1,4887
893,Моби Дик,крепить,1,4887
894,Моби Дик,размякший,1,4887
895,Моби Дик,тесто,2,4887
896,Моби Дик,оснований,1,4887
897,Моби Дик,балюстрадных,1,4887
898,Моби Дик,плит,1,4887
899,Моби Дик,густо,1,4887
900,Моби Дик,намазывать,1,4887
901,Моби Дик,каменное,1,4887
902,Моби Дик,цемент,1,4887
903,Моби Дик,заглаживать,1,4887
904,Моби Дик,специальной,1,4887
905,Моби Дик,лопаточкой,1,4887
906,Моби Дик,затем,6,4887
907,Моби Дик,обрабатывать,1,4887
908,Моби Дик,место,3,4887
909,Моби Дик,крепления,1,4887
910,Моби Дик,второй,1,4887
911,Моби Дик,пластмасса,1,4887
912,Моби Дик,схватывались,1,4887
913,Моби Дик,намертво,1,4887
914,Моби Дик,плита,1,4887
915,Моби Дик,балюстрады,1,4887
916,Моби Дик,становилась,1,4887
917,Моби Дик,частью,1,4887
918,Моби Дик,разгар,1,4887
919,Моби Дик,работы,4,4887
920,Моби Дик,обнаружил,2,4887
921,Моби Дик,приходится,1,4887
922,Моби Дик,шарить,1,4887
923,Моби Дик,рукой,1,4887
924,Моби Дик,поисках,1,4887
925,Моби Дик,инструментов,1,4887
926,Моби Дик,инструменты,1,4887
927,Моби Дик,сами,2,4887
928,Моби Дик,попадали,1,4887
929,Моби Дик,протянутую,1,4887
930,Моби Дик,руку,4,4887
931,Моби Дик,те,1,4887
932,Моби Дик,которые,1,4887
933,Моби Дик,нужны,2,4887
934,Моби Дик,обернулся,1,4887
935,Моби Дик,увидел,6,4887
936,Моби Дик,рядом,3,4887
937,Моби Дик,ним,6,4887
938,Моби Дик,сидит,1,4887
939,Моби Дик,корточках,1,4887
940,Моби Дик,лаборантка,1,4887
941,Моби Дик,ирина,20,4887
942,Моби Дик,егорова,1,4887
943,Моби Дик,закутана,1,4887
944,Моби Дик,меховой,1,4887
945,Моби Дик,комбинезон,1,4887
946,Моби Дик,капюшоном,1,4887
947,Моби Дик,непривычно,1,4887
948,Моби Дик,неуклюжей,1,4887
949,Моби Дик,сказал,11,4887
950,Моби Дик,сколько,1,4887
951,Моби Дик,угодно,2,4887
952,Моби Дик,сказала,14,4887
953,Моби Дик,засмеялась,2,4887
954,Моби Дик,минут,1,4887
955,Моби Дик,молча,3,4887
956,Моби Дик,прислушиваясь,1,4887
957,Моби Дик,сварливому,1,4887
958,Моби Дик,спору,1,4887
959,Моби Дик,природе,1,4887
960,Моби Дик,ядов,1,4887
961,Моби Дик,молоках,1,4887
962,Моби Дик,кистепера,1,4887
963,Моби Дик,доносившемуся,1,4887
964,Моби Дик,соседней,1,4887
965,Моби Дик,сквозь,1,4887
966,Моби Дик,рев,1,4887
967,Моби Дик,ветра,1,4887
968,Моби Дик,вы,12,4887
969,Моби Дик,привычка,1,4887
970,Моби Дик,ответил,2,4887
971,Моби Дик,глядела,1,4887
972,Моби Дик,странными,5,4887
973,Моби Дик,глазами,5,4887
974,Моби Дик,славная,1,4887
975,Моби Дик,девочка,1,4887
976,Моби Дик,суровая,1,4887
977,Моби Дик,поклонники,1,4887
978,Моби Дик,нее,2,4887
979,Моби Дик,стоном,1,4887
980,Моби Дик,стонали,1,4887
981,Моби Дик,побаивался,1,4887
982,Моби Дик,язык,1,4887
983,Моби Дик,совершенно,1,4887
984,Моби Дик,костей,2,4887
985,Моби Дик,чувство,1,4887
986,Моби Дик,такта,1,4887
987,Моби Дик,явно,1,4887
988,Моби Дик,недоразвито,1,4887
989,Моби Дик,способна,1,4887
990,Моби Дик,ляпнуть,1,4887
991,Моби Дик,самый,1,4887
992,Моби Дик,неподходящий,1,4887
993,Моби Дик,момент,1,4887
994,Моби Дик,неоднократно,1,4887
995,Моби Дик,делала,1,4887
996,Моби Дик,посмотрит-посмотрит,1,4887
997,Моби Дик,ляпнет,1,4887
998,Моби Дик,что-нибудь,1,4887
999,Моби Дик,хоть,1,4887
1000,Моби Дик,плачь,1,4887
1001,Моби Дик,хочу,1,4887
1002,Моби Дик,спросить,1,4887
1003,Моби Дик,вас,5,4887
1004,Моби Дик,покосился,1,4887
1005,Моби Дик,опасливо,1,4887
1006,Моби Дик,ну,5,4887
1007,Моби Дик,пожалуйста,1,4887
1008,Моби Дик,сейчас,14,4887
1009,Моби Дик,спросит,1,4887
1010,Моби Дик,почему,6,4887
1011,Моби Дик,волосатая,1,4887
1012,Моби Дик,спина,1,4887
1013,Моби Дик,такой,2,4887
1014,Моби Дик,случай,1,4887
1015,Моби Дик,прошлым,1,4887
1016,Моби Дик,пляже,1,4887
1017,Моби Дик,большом,1,4887
1018,Моби Дик,скоплении,1,4887
1019,Моби Дик,народа,1,4887
1020,Моби Дик,м-можно,1,4887
1021,Моби Дик,уверенно,1,4887
1022,Моби Дик,скажите,1,4887
1023,Моби Дик,женаты,1,4887
1024,Моби Дик,своем,2,4887
1025,Моби Дик,пороть,1,4887
1026,Моби Дик,некому,1,4887
1027,Моби Дик,чувством,1,4887
1028,Моби Дик,подумал,3,4887
1029,Моби Дик,сердито,1,4887
1030,Моби Дик,легко,2,4887
1031,Моби Дик,потому,4,4887
1032,Моби Дик,пойти,1,4887
1033,Моби Дик,такую,1,4887
1034,Моби Дик,экспедицию,1,4887
1035,Моби Дик,если,5,4887
1036,Моби Дик,б,1,4887
1037,Моби Дик,женат,1,4887
1038,Моби Дик,подошел,1,4887
1039,Моби Дик,океанский,1,4887
1040,Моби Дик,охотник,1,4887
1041,Моби Дик,джонсон,3,4887
1042,Моби Дик,который,2,4887
1043,Моби Дик,строителем,1,4887
1044,Моби Дик,взял,1,4887
1045,Моби Дик,руководство,1,4887
1046,Моби Дик,работами,1,4887
1047,Моби Дик,покивал,1,4887
1048,Моби Дик,одобрительно,1,4887
1049,Моби Дик,погладил,1,4887
1050,Моби Дик,спине,1,4887
1051,Моби Дик,вери,1,4887
1052,Моби Дик,вер-ри,1,4887
1053,Моби Дик,гуд,1,4887
1054,Моби Дик,ушел,1,4887
1055,Моби Дик,нелюдимый,1,4887
1056,Моби Дик,боитесь,2,4887
1057,Моби Дик,женщин,1,4887
1058,Моби Дик,перестал,3,4887
1059,Моби Дик,работать,1,4887
1060,Моби Дик,откуда,1,4887
1061,Моби Дик,следует,1,4887
1062,Моби Дик,ведь,4,4887
1063,Моби Дик,вправду,1,4887
1064,Моби Дик,привязывается,1,4887
1065,Моби Дик,вышучивает,1,4887
1066,Моби Дик,хохочут,1,4887
1067,Моби Дик,нет,9,4887
1068,Моби Дик,смотрит,1,4887
1069,Моби Дик,дайте-ка,1,4887
1070,Моби Дик,насадку,1,4887
1071,Моби Дик,сдвинув,1,4887
1072,Моби Дик,брови,1,4887
1073,Моби Дик,упора,1,4887
1074,Моби Дик,эту,1,4887
1075,Моби Дик,малую,1,4887
1076,Моби Дик,мощность,2,4887
1077,Моби Дик,наверное,1,4887
1078,Моби Дик,неудачно,2,4887
1079,Моби Дик,выразилась,1,4887
1080,Моби Дик,тихо,3,4887
1081,Моби Дик,конечно,1,4887
1082,Моби Дик,сторонитесь,1,4887
1083,Моби Дик,думала,3,4887
1084,Моби Дик,может,5,4887
1085,Моби Дик,быть,5,4887
1086,Моби Дик,веке…,1,4887
1087,Моби Дик,говорила,1,4887
1088,Моби Дик,странно,2,4887
1089,Моби Дик,сегодня,2,4887
1090,Моби Дик,вечером,1,4887
1091,Моби Дик,будем,3,4887
1092,Моби Дик,танцевать,2,4887
1093,Моби Дик,быстро,4,4887
1094,Моби Дик,придете,1,4887
1095,Моби Дик,умею,1,4887
1096,Моби Дик,самое,1,4887
1097,Моби Дик,интересное,1,4887
1098,Моби Дик,промолчал,1,4887
1099,Моби Дик,конца,1,4887
1100,Моби Дик,больше,5,4887
1101,Моби Дик,разговаривали,1,4887
1102,Моби Дик,закончена,1,4887
1103,Моби Дик,вечеру,1,4887
1104,Моби Дик,шума,1,4887
1105,Моби Дик,смеха,1,4887
1106,Моби Дик,плеска,1,4887
1107,Моби Дик,бассейне,1,4887
1108,Моби Дик,ванных,1,4887
1109,Моби Дик,сошлись,1,4887
1110,Моби Дик,столовой,1,4887
1111,Моби Дик,чистые,1,4887
1112,Моби Дик,розовые,1,4887
1113,Моби Дик,томные,1,4887
1114,Моби Дик,зверски,1,4887
1115,Моби Дик,голодные,1,4887
1116,Моби Дик,ели,1,4887
1117,Моби Дик,вкусно,1,4887
1118,Моби Дик,пили,1,4887
1119,Моби Дик,вино,1,4887
1120,Моби Дик,ананасный,1,4887
1121,Моби Дик,сок,1,4887
1122,Моби Дик,главным,1,4887
1123,Моби Дик,образом,1,4887
1124,Моби Дик,стали,2,4887
1125,Моби Дик,вцепилась,1,4887
1126,Моби Дик,долго,2,4887
1127,Моби Дик,мучила,1,4887
1128,Моби Дик,показывая,1,4887
1129,Моби Дик,какой,2,4887
1130,Моби Дик,ноги,1,4887
1131,Моби Дик,выступать,1,4887
1132,Моби Дик,под,12,4887
1133,Моби Дик,левый,2,4887
1134,Моби Дик,ритм,1,4887
1135,Моби Дик,нельзя,1,4887
1136,Моби Дик,делать,2,4887
1137,Моби Дик,шаг,1,4887
1138,Моби Дик,правом,1,4887
1139,Моби Дик,ритме,1,4887
1140,Моби Дик,разобраться,1,4887
1141,Моби Дик,такое,1,4887
1142,Моби Дик,правый,2,4887
1143,Моби Дик,ритмы,1,4887
1144,Моби Дик,вспотел,1,4887
1145,Моби Дик,рассердился,1,4887
1146,Моби Дик,крепко,1,4887
1147,Моби Дик,взяв,1,4887
1148,Моби Дик,ирину,2,4887
1149,Моби Дик,вывел,1,4887
1150,Моби Дик,толпы,1,4887
1151,Моби Дик,немножко,1,4887
1152,Моби Дик,просительно,1,4887
1153,Моби Дик,нег,1,4887
1154,Моби Дик,бока,1,4887
1155,Моби Дик,болят,1,4887
1156,Моби Дик,толчков,1,4887
1157,Моби Дик,ног,1,4887
1158,Моби Дик,отдавил,1,4887
1159,Моби Дик,счету,1,4887
1160,Моби Дик,нет…,1,4887
1161,Моби Дик,повел,1,4887
1162,Моби Дик,коридору,1,4887
1163,Моби Дик,бессознательно,1,4887
1164,Моби Дик,прижимая,1,4887
1165,Моби Дик,се,1,4887
1166,Моби Дик,шла,1,4887
1167,Моби Дик,вдруг,3,4887
1168,Моби Дик,остановился,1,4887
1169,Моби Дик,нервно,1,4887
1170,Моби Дик,рассмеялся,1,4887
1171,Моби Дик,веду,1,4887
1172,Моби Дик,глядя,1,4887
1173,Моби Дик,сторону,2,4887
1174,Моби Дик,идите,2,4887
1175,Моби Дик,танцуйте,1,4887
1176,Моби Дик,я…,1,4887
1177,Моби Дик,пойду,1,4887
1178,Моби Дик,старичкам,1,4887
1179,Моби Дик,сыграю,1,4887
1180,Моби Дик,го,1,4887
1181,Моби Дик,остановились,1,4887
1182,Моби Дик,посреди,1,4887
1183,Моби Дик,раскрытых,1,4887
1184,Моби Дик,дверей,2,4887
1185,Моби Дик,хориолы,1,4887
1186,Моби Дик,пел,2,4887
1187,Моби Дик,сильным,1,4887
1188,Моби Дик,свободным,1,4887
1189,Моби Дик,голосом,1,4887
1190,Моби Дик,deep,7,4887
1191,Моби Дик,blue,7,4887
1192,Моби Дик,sea,5,4887
1193,Моби Дик,baby,3,4887
1194,Моби Дик,sea…,2,4887
1195,Моби Дик,hit,1,4887
1196,Моби Дик,was,1,4887
1197,Моби Дик,willy,1,4887
1198,Моби Дик,who,1,4887
1199,Моби Дик,got,1,4887
1200,Моби Дик,drowned,1,4887
1201,Моби Дик,in,1,4887
1202,Моби Дик,the,1,4887
1203,Моби Дик,поет,3,4887
1204,Моби Дик,красиво,3,4887
1205,Моби Дик,согласился,1,4887
1206,Моби Дик,поете,1,4887
1207,Моби Дик,слыхали,1,4887
1208,Моби Дик,господи,2,4887
1209,Моби Дик,хотя,3,4887
1210,Моби Дик,месяц,1,4887
1211,Моби Дик,последний,1,4887
1212,Моби Дик,слушали,1,4887
1213,Моби Дик,всегда,2,4887
1214,Моби Дик,слушаю,2,4887
1215,Моби Дик,уклончиво,1,4887
1216,Моби Дик,встану,1,4887
1217,Моби Дик,дверях,2,4887
1218,Моби Дик,мы,11,4887
1219,Моби Дик,знали,1,4887
1220,Моби Дик,обязательно…,1,4887
1221,Моби Дик,ничего,1,4887
1222,Моби Дик,насупился,1,4887
1223,Моби Дик,встрепенулся,1,4887
1224,Моби Дик,изумлением,2,4887
1225,Моби Дик,осмотрелся,1,4887
1226,Моби Дик,полно,1,4887
1227,Моби Дик,стоит,1,4887
1228,Моби Дик,коридоре,1,4887
1229,Моби Дик,зная,1,4887
1230,Моби Дик,идти,3,4887
1231,Моби Дик,желая,1,4887
1232,Моби Дик,никуда,1,4887
1233,Моби Дик,ожидая,1,4887
1234,Моби Дик,что-то,1,4887
1235,Моби Дик,предчувствуя,1,4887
1236,Моби Дик,чему-то,1,4887
1237,Моби Дик,радуясь…,1,4887
1238,Моби Дик,наваждение,1,4887
1239,Моби Дик,колдовство,1,4887
1240,Моби Дик,синеглазая,1,4887
1241,Моби Дик,тощая,1,4887
1242,Моби Дик,девчонка,1,4887
1243,Моби Дик,праправнучка,2,4887
1244,Моби Дик,дети,1,4887
1245,Моби Дик,могла,1,4887
1246,Моби Дик,собственная,1,4887
1247,Моби Дик,мимо,1,4887
1248,Моби Дик,пробежали,1,4887
1249,Моби Дик,юноша,1,4887
1250,Моби Дик,девушка,1,4887
1251,Моби Дик,оглянулись,1,4887
1252,Моби Дик,подмигнули,1,4887
1253,Моби Дик,скрылись,1,4887
1254,Моби Дик,открытых,1,4887
1255,Моби Дик,донесся,1,4887
1256,Моби Дик,взрыв,1,4887
1257,Моби Дик,многоголосого,1,4887
1258,Моби Дик,хохота,1,4887
1259,Моби Дик,словно,2,4887
1260,Моби Дик,очнулась,1,4887
1261,Моби Дик,пойдемте,1,4887
1262,Моби Дик,спросил,2,4887
1263,Моби Дик,пошел,1,4887
1264,Моби Дик,пришли,1,4887
1265,Моби Дик,сели,1,4887
1266,Моби Дик,пахучей,1,4887
1267,Моби Дик,смолистой,1,4887
1268,Моби Дик,сосной,1,4887
1269,Моби Дик,ними,1,4887
1270,Моби Дик,замигала,1,4887
1271,Моби Дик,слабая,1,4887
1272,Моби Дик,газосветная,1,4887
1273,Моби Дик,лампа,1,4887
1274,Моби Дик,давайте,1,4887
1275,Моби Дик,помечтаем,1,4887
1276,Моби Дик,мои-то,1,4887
1277,Моби Дик,годы…,1,4887
1278,Моби Дик,печально,1,4887
1279,Моби Дик,отозвался,2,4887
1280,Моби Дик,ага,2,4887
1281,Моби Дик,ваши,2,4887
1282,Моби Дик,интересно,2,4887
1283,Моби Дик,чем,3,4887
1284,Моби Дик,годы,1,4887
1285,Моби Дик,мечтают,1,4887
1286,Моби Дик,положительно,1,4887
1287,Моби Дик,жизнь,1,4887
1288,Моби Дик,вел,4,4887
1289,Моби Дик,таких,1,4887
1290,Моби Дик,разговоров,1,4887
1291,Моби Дик,удивился,2,4887
1292,Моби Дик,того,1,4887
1293,Моби Дик,серьеззно,1,4887
1294,Моби Дик,мечтаю,1,4887
1295,Моби Дик,добыть,1,4887
1296,Моби Дик,дика,12,4887
1297,Моби Дик,белого,2,4887
1298,Моби Дик,кашалота,3,4887
1299,Моби Дик,разве,1,4887
1300,Моби Дик,бывают,2,4887
1301,Моби Дик,белые,1,4887
1302,Моби Дик,кашалоты,6,4887
1303,Моби Дик,должны,1,4887
1304,Моби Дик,добуду,1,4887
1305,Моби Дик,и…,1,4887
1306,Моби Дик,моя,2,4887
1307,Моби Дик,мечта,9,4887
1308,Моби Дик,исполнится,1,4887
1309,Моби Дик,подумала,1,4887
1310,Моби Дик,решительно,1,4887
1311,Моби Дик,мне-то,1,4887
1312,Моби Дик,лучше,1,4887
1313,Моби Дик,знать…,1,4887
1314,Моби Дик,цель,5,4887
1315,Моби Дик,ли…,1,4887
1316,Моби Дик,знаю,3,4887
1317,Моби Дик,белых,1,4887
1318,Моби Дик,существовало,1,4887
1319,Моби Дик,существуют,1,4887
1320,Моби Дик,том-то,1,4887
1321,Моби Дик,дело,3,4887
1322,Моби Дик,смотрела,2,4887
1323,Моби Дик,глаза,3,4887
1324,Моби Дик,вспыхивали,1,4887
1325,Моби Дик,гасли,1,4887
1326,Моби Дик,раньше…,1,4887
1327,Моби Дик,сто,6,4887
1328,Моби Дик,какая,2,4887
1329,Моби Дик,большая,2,4887
1330,Моби Дик,понимаете,1,4887
1331,Моби Дик,добросовестно,1,4887
1332,Моби Дик,всякое,1,4887
1333,Моби Дик,теперь,12,4887
1334,Моби Дик,неважно,1,4887
1335,Моби Дик,мечтал…,1,4887
1336,Моби Дик,мечтали,3,4887
1337,Моби Дик,достигнуть,1,4887
1338,Моби Дик,звезд…,1,4887
1339,Моби Дик,сделано,4,4887
1340,Моби Дик,всем,4,4887
1341,Моби Дик,земле,1,4887
1342,Моби Дик,невозможно…,1,4887
1343,Моби Дик,заботились,1,4887
1344,Моби Дик,еде,1,4887
1345,Моби Дик,крыше,1,4887
1346,Моби Дик,боялись,1,4887
1347,Моби Дик,отнимут…,1,4887
1348,Моби Дик,мало,3,4887
1349,Моби Дик,страшно,1,4887
1350,Моби Дик,трудно,1,4887
1351,Моби Дик,тут,1,4887
1352,Моби Дик,представить,1,4887
1353,Моби Дик,можете,1,4887
1354,Моби Дик,хлеб,1,4887
1355,Моби Дик,безопасность…,1,4887
1356,Моби Дик,история,1,4887
1357,Моби Дик,помним,1,4887
1358,Моби Дик,об,3,4887
1359,Моби Дик,этом,2,4887
1360,Моби Дик,правда,2,4887
1361,Моби Дик,спрашиваю,1,4887
1362,Моби Дик,думать,1,4887
1363,Моби Дик,ужасом,1,4887
1364,Моби Дик,большой,2,4887
1365,Моби Дик,мечты,2,4887
1366,Моби Дик,начале,1,4887
1367,Моби Дик,xxi,1,4887
1368,Моби Дик,века,1,4887
1369,Моби Дик,знал,1,4887
1370,Моби Дик,коммунистом,1,4887
1371,Моби Дик,миллиарды,1,4887
1372,Моби Дик,других,3,4887
1373,Моби Дик,коммунистов,1,4887
1374,Моби Дик,освобождении,1,4887
1375,Моби Дик,человечества,1,4887
1376,Моби Дик,забот,1,4887
1377,Моби Дик,куске,1,4887
1378,Моби Дик,хлеба,1,4887
1379,Моби Дик,предоставлении,1,4887
1380,Моби Дик,людям,1,4887
1381,Моби Дик,возможности,1,4887
1382,Моби Дик,творческой,1,4887
1383,Моби Дик,остался,2,4887
1384,Моби Дик,теми,1,4887
1385,Моби Дик,идеалами,1,4887
1386,Моби Дик,мечтать,2,4887
1387,Моби Дик,назад…,1,4887
1388,Моби Дик,каплей,1,4887
1389,Моби Дик,могучем,1,4887
1390,Моби Дик,потоке,1,4887
1391,Моби Дик,зародившемся,1,4887
1392,Моби Дик,некогда,1,4887
1393,Моби Дик,тесноте,1,4887
1394,Моби Дик,эмигрантских,1,4887
1395,Моби Дик,квартир,1,4887
1396,Моби Дик,застуженных,1,4887
1397,Моби Дик,залах,1,4887
1398,Моби Дик,экспроприированных,1,4887
1399,Моби Дик,дворцов,1,4887
1400,Моби Дик,поток,2,4887
1401,Моби Дик,увлекал,1,4887
1402,Моби Дик,человечество,1,4887
1403,Моби Дик,неизведанное,1,4887
1404,Моби Дик,ослепительно,1,4887
1405,Моби Дик,сияющее,1,4887
1406,Моби Дик,будущее,2,4887
1407,Моби Дик,наступило,1,4887
1408,Моби Дик,могучий,1,4887
1409,Моби Дик,разлился,1,4887
1410,Моби Дик,планету,1,4887
1411,Моби Дик,катились,1,4887
1412,Моби Дик,отдаленным,1,4887
1413,Моби Дик,звездам,1,4887
1414,Моби Дик,некоммунистов,1,4887
1415,Моби Дик,десять,2,4887
1416,Моби Дик,миллиардов,2,4887
1417,Моби Дик,коммунисты,1,4887
1418,Моби Дик,милые,1,4887
1419,Моби Дик,мои,1,4887
1420,Моби Дик,миллиардов…,1,4887
1421,Моби Дик,цели,1,4887
1422,Моби Дик,прежняя,1,4887
1423,Моби Дик,коммуниста,1,4887
1424,Моби Дик,изобилие,1,4887
1425,Моби Дик,душевная,1,4887
1426,Моби Дик,физическая,1,4887
1427,Моби Дик,красота,1,4887
1428,Моби Дик,перестала,1,4887
1429,Моби Дик,целью,1,4887
1430,Моби Дик,реальность,1,4887
1431,Моби Дик,трамплин,1,4887
1432,Моби Дик,для,2,4887
1433,Моби Дик,нового,1,4887
1434,Моби Дик,гигантского,1,4887
1435,Моби Дик,броска,1,4887
1436,Моби Дик,вперед,1,4887
1437,Моби Дик,мое,1,4887
1438,Моби Дик,десяти,2,4887
1439,Моби Дик,поглядывал,1,4887
1440,Моби Дик,чудными,1,4887
1441,Моби Дик,совсем,1,4887
1442,Моби Дик,потерял,1,4887
1443,Моби Дик,нить,1,4887
1444,Моби Дик,разговора,1,4887
1445,Моби Дик,произнес,1,4887
1446,Моби Дик,наконец,3,4887
1447,Моби Дик,смотрели,1,4887
1448,Моби Дик,друг,2,4887
1449,Моби Дик,друга,2,4887
1450,Моби Дик,тоской,1,4887
1451,Моби Дик,тихонько,1,4887
1452,Моби Дик,погладить,1,4887
1453,Моби Дик,тонкие,1,4887
1454,Моби Дик,пальцы,1,4887
1455,Моби Дик,прижаться,1,4887
1456,Моби Дик,щекой…,1,4887
1457,Моби Дик,хорошие,1,4887
1458,Моби Дик,вам,3,4887
1459,Моби Дик,нравится,2,4887
1460,Моби Дик,здесь,2,4887
1461,Моби Дик,одиноко,1,4887
1462,Моби Дик,иринка…,1,4887
1463,Моби Дик,иринка,2,4887
1464,Моби Дик,получилось,1,4887
1465,Моби Дик,само,1,4887
1466,Моби Дик,собой,2,4887
1467,Моби Дик,дик…,1,4887
1468,Моби Дик,пусть,2,4887
1469,Моби Дик,сначала,1,4887
1470,Моби Дик,видно,1,4887
1471,Моби Дик,жаль,1,4887
1472,Моби Дик,великой,1,4887
1473,Моби Дик,звезда,3,4887
1474,Моби Дик,близкая,1,4887
1475,Моби Дик,усмехнулась,1,4887
1476,Моби Дик,покачала,1,4887
1477,Моби Дик,головой,1,4887
1478,Моби Дик,одинокий…,1,4887
1479,Моби Дик,тяжело,2,4887
1480,Моби Дик,одному…,1,4887
1481,Моби Дик,люблю,1,4887
1482,Моби Дик,утром,1,4887
1483,Моби Дик,звено,6,4887
1484,Моби Дик,подняли,2,4887
1485,Моби Дик,тревоге,1,4887
1486,Моби Дик,дежурного,1,4887
1487,Моби Дик,вертолета,2,4887
1488,Моби Дик,сообщили,1,4887
1489,Моби Дик,стаде,1,4887
1490,Моби Дик,идущем,1,4887
1491,Моби Дик,кальмарное,1,4887
1492,Моби Дик,пастбище,1,4887
1493,Моби Дик,произошла,1,4887
1494,Моби Дик,драка,1,4887
1495,Моби Дик,между,2,4887
1496,Моби Дик,старым,1,4887
1497,Моби Дик,самцом,1,4887
1498,Моби Дик,вожаком,1,4887
1499,Моби Дик,одинцом-пиратом,1,4887
1500,Моби Дик,ходят,1,4887
1501,Моби Дик,стадами,1,4887
1502,Моби Дик,тридцати,1,4887
1503,Моби Дик,голов,1,4887
1504,Моби Дик,старый,1,4887
1505,Моби Дик,опытный,1,4887
1506,Моби Дик,самец-вожак,1,4887
1507,Моби Дик,старые,1,4887
1508,Моби Дик,молодые,2,4887
1509,Моби Дик,самки,4,4887
1510,Моби Дик,вожак,3,4887
1511,Моби Дик,подпускает,1,4887
1512,Моби Дик,самцов,1,4887
1513,Моби Дик,стаду,2,4887
1514,Моби Дик,изгоняет,1,4887
1515,Моби Дик,молодых,2,4887
1516,Моби Дик,убивает,1,4887
1517,Моби Дик,стадо,5,4887
1518,Моби Дик,подвергается,1,4887
1519,Моби Дик,нападению,1,4887
1520,Моби Дик,злющего,1,4887
1521,Моби Дик,одинца,3,4887
1522,Моби Дик,называет,1,4887
1523,Моби Дик,пиратом,1,4887
1524,Моби Дик,происходит,1,4887
1525,Моби Дик,бой,1,4887
1526,Моби Дик,старается,1,4887
1527,Моби Дик,помочь,1,4887
1528,Моби Дик,вожаку,1,4887
1529,Моби Дик,прежде,1,4887
1530,Моби Дик,всего,5,4887
1531,Моби Дик,приручен,1,4887
1532,Моби Дик,водит,1,4887
1533,Моби Дик,привычным,1,4887
1534,Моби Дик,известным,1,4887
1535,Моби Дик,трассам,1,4887
1536,Моби Дик,специально,1,4887
1537,Моби Дик,организованным,1,4887
1538,Моби Дик,пастбищам,1,4887
1539,Моби Дик,кальмаров,2,4887
1540,Моби Дик,подальше,1,4887
1541,Моби Дик,трасс,1,4887
1542,Моби Дик,миграций,1,4887
1543,Моби Дик,известны,1,4887
1544,Моби Дик,случаи,1,4887
1545,Моби Дик,одинец,3,4887
1546,Моби Дик,которому,1,4887
1547,Моби Дик,удавалось,1,4887
1548,Моби Дик,отделить,1,4887
1549,Моби Дик,нескольких,1,4887
1550,Моби Дик,самок,6,4887
1551,Моби Дик,прямо,1,4887
1552,Моби Дик,районы,1,4887
1553,Моби Дик,китового,1,4887
1554,Моби Дик,молодняка,1,4887
1555,Моби Дик,устраивал,1,4887
1556,Моби Дик,кровавую,1,4887
1557,Моби Дик,бойню,1,4887
1558,Моби Дик,летчик,1,4887
1559,Моби Дик,атаковал,1,4887
1560,Моби Дик,вертолет,2,4887
1561,Моби Дик,сильно,2,4887
1562,Моби Дик,трепало,1,4887
1563,Моби Дик,противники,1,4887
1564,Моби Дик,находились,1,4887
1565,Моби Дик,близко,1,4887
1566,Моби Дик,расстрелял,1,4887
1567,Моби Дик,боезапас,1,4887
1568,Моби Дик,попал,1,4887
1569,Моби Дик,анестезирующей,1,4887
1570,Моби Дик,бомбой,1,4887
1571,Моби Дик,пирата,1,4887
1572,Моби Дик,вожаки,1,4887
1573,Моби Дик,оглушенный,1,4887
1574,Моби Дик,сопротивляться,1,4887
1575,Моби Дик,добил,1,4887
1576,Моби Дик,ловко,1,4887
1577,Моби Дик,отделил,1,4887
1578,Моби Дик,погнал,1,4887
1579,Моби Дик,район,2,4887
1580,Моби Дик,планктонных,1,4887
1581,Моби Дик,полей,1,4887
1582,Моби Дик,благоденствовали,1,4887
1583,Моби Дик,молочные,2,4887
1584,Моби Дик,ощенившиеся,1,4887
1585,Моби Дик,матки,1,4887
1586,Моби Дик,вдогонку,1,4887
1587,Моби Дик,пирату,1,4887
1588,Моби Дик,брошены,1,4887
1589,Моби Дик,два,3,4887
1590,Моби Дик,одно,1,4887
1591,Моби Дик,готовилось,1,4887
1592,Моби Дик,встретить,1,4887
1593,Моби Дик,дальних,1,4887
1594,Моби Дик,подступах,1,4887
1595,Моби Дик,району,1,4887
1596,Моби Дик,щена,1,4887
1597,Моби Дик,этой,1,4887
1598,Моби Дик,операции,1,4887
1599,Моби Дик,шло,1,4887
1600,Моби Дик,самого,1,4887
1601,Моби Дик,начала,1,4887
1602,Моби Дик,командой,1,4887
1603,Моби Дик,коршунова,1,4887
1604,Моби Дик,разделилось,1,4887
1605,Моби Дик,пылу,1,4887
1606,Моби Дик,погони,1,4887
1607,Моби Дик,потеряло,1,4887
1608,Моби Дик,ориентировку,1,4887
1609,Моби Дик,сброшено,1,4887
1610,Моби Дик,транспортного,1,4887
1611,Моби Дик,турболета,1,4887
1612,Моби Дик,оно,2,4887
1613,Моби Дик,должно,1,4887
1614,Моби Дик,попасть,1,4887
1615,Моби Дик,впереди,3,4887
1616,Моби Дик,отрезать,1,4887
1617,Моби Дик,вследствие,1,4887
1618,Моби Дик,поспешности,2,4887
1619,Моби Дик,неопытности,1,4887
1620,Моби Дик,пилотов,1,4887
1621,Моби Дик,оказались,1,4887
1622,Моби Дик,далеко,1,4887
1623,Моби Дик,позади,2,4887
1624,Моби Дик,распорядился,1,4887
1625,Моби Дик,глубине,1,4887
1626,Моби Дик,метров,10,4887
1627,Моби Дик,сам,4,4887
1628,Моби Дик,выскакивал,2,4887
1629,Моби Дик,ходу,1,4887
1630,Моби Дик,поверхность,6,4887
1631,Моби Дик,принять,1,4887
1632,Моби Дик,радиограммы,1,4887
1633,Моби Дик,сопровождающих,1,4887
1634,Моби Дик,вертолетов,1,4887
1635,Моби Дик,погоня,1,4887
1636,Моби Дик,продолжалась,1,4887
1637,Моби Дик,около,1,4887
1638,Моби Дик,семи,1,4887
1639,Моби Дик,ахмет,5,4887
1640,Моби Дик,шел,1,4887
1641,Моби Дик,правым,1,4887
1642,Моби Дик,ведомым,1,4887
1643,Моби Дик,закричал,1,4887
1644,Моби Дик,командир,3,4887
1645,Моби Дик,обнаружена,3,4887
1646,Моби Дик,дистанция,2,4887
1647,Моби Дик,триста,4,4887
1648,Моби Дик,пятьдесят,2,4887
1649,Моби Дик,четыре,1,4887
1650,Моби Дик,сигнала,1,4887
1651,Моби Дик,ух,1,4887
1652,Моби Дик,понимаешь,1,4887
1653,Моби Дик,настоящий,1,4887
1654,Моби Дик,координаты,1,4887
1655,Моби Дик,микрофон,1,4887
1656,Моби Дик,азимут…,1,4887
1657,Моби Дик,высота,1,4887
1658,Моби Дик,глубины,2,4887
1659,Моби Дик,двести,1,4887
1660,Моби Дик,десять…,1,4887
1661,Моби Дик,вижу,1,4887
1662,Моби Дик,подрегулировал,1,4887
1663,Моби Дик,ультразвуковой,1,4887
1664,Моби Дик,прожектор,1,4887
1665,Моби Дик,экране,3,4887
1666,Моби Дик,всплыли,1,4887
1667,Моби Дик,закачались,2,4887
1668,Моби Дик,светлые,3,4887
1669,Моби Дик,пятна-сигналы,1,4887
1670,Моби Дик,пять…,1,4887
1671,Моби Дик,шесть…,1,4887
1672,Моби Дик,восемь…,1,4887
1673,Моби Дик,семь,4,4887
1674,Моби Дик,угнанных,1,4887
1675,Моби Дик,пятнадцать,1,4887
1676,Моби Дик,идут,1,4887
1677,Моби Дик,звездой,2,4887
1678,Моби Дик,периферии,1,4887
1679,Моби Дик,вертикально,1,4887
1680,Моби Дик,поставленного,1,4887
1681,Моби Дик,кольца,1,4887
1682,Моби Дик,диаметром,1,4887
1683,Моби Дик,самец,2,4887
1684,Моби Дик,центре,2,4887
1685,Моби Дик,немного,4,4887
1686,Моби Дик,круто,2,4887
1687,Моби Дик,повернул,3,4887
1688,Моби Дик,субмарину,5,4887
1689,Моби Дик,вверх,1,4887
1690,Моби Дик,выскочить,1,4887
1691,Моби Дик,сообщить,1,4887
1692,Моби Дик,вертолетам,1,4887
1693,Моби Дик,беглецов,1,4887
1694,Моби Дик,обнаружено,1,4887
1695,Моби Дик,субмарина,9,4887
1696,Моби Дик,задрожала,1,4887
1697,Моби Дик,напряжения,1,4887
1698,Моби Дик,пронзительно,2,4887
1699,Моби Дик,завыли,1,4887
1700,Моби Дик,турбины,3,4887
1701,Моби Дик,заложило,1,4887
1702,Моби Дик,уши,1,4887
1703,Моби Дик,наклонился,2,4887
1704,Моби Дик,приборной,1,4887
1705,Моби Дик,доской,1,4887
1706,Моби Дик,вцепился,1,4887
1707,Моби Дик,обеими,1,4887
1708,Моби Дик,руками,1,4887
1709,Моби Дик,мягкие,1,4887
1710,Моби Дик,рукоятки,1,4887
1711,Моби Дик,руля,1,4887
1712,Моби Дик,отрывал,1,4887
1713,Моби Дик,взгляда,1,4887
1714,Моби Дик,иллюминатора,2,4887
1715,Моби Дик,иллюминатор,4,4887
1716,Моби Дик,светлел,1,4887
1717,Моби Дик,мелькнули,1,4887
1718,Моби Дик,какие-то,1,4887
1719,Моби Дик,тени,1,4887
1720,Моби Дик,неожиданно,1,4887
1721,Моби Дик,ярко,1,4887
1722,Моби Дик,блеснуло,1,4887
1723,Моби Дик,серебряное,1,4887
1724,Моби Дик,брюхо,1,4887
1725,Моби Дик,небольшой,1,4887
1726,Моби Дик,акулы,2,4887
1727,Моби Дик,у-эх,1,4887
1728,Моби Дик,стремительно,1,4887
1729,Моби Дик,вылетела,2,4887
1730,Моби Дик,торопливо,1,4887
1731,Моби Дик,отпустил,1,4887
1732,Моби Дик,кормовые,1,4887
1733,Моби Дик,крылья,3,4887
1734,Моби Дик,раз-два,1,4887
1735,Моби Дик,сильная,2,4887
1736,Моби Дик,волна,1,4887
1737,Моби Дик,ударила,1,4887
1738,Моби Дик,борт,1,4887
1739,Моби Дик,инерция,1,4887
1740,Моби Дик,движения,1,4887
1741,Моби Дик,перебросили,1,4887
1742,Моби Дик,пенистый,1,4887
1743,Моби Дик,гребень,2,4887
1744,Моби Дик,секунд,1,4887
1745,Моби Дик,лилово-черный,1,4887
1746,Моби Дик,изрытый,1,4887
1747,Моби Дик,морщинистыми,2,4887
1748,Моби Дик,волнами,2,4887
1749,Моби Дик,покрытый,1,4887
1750,Моби Дик,кровавой,2,4887
1751,Моби Дик,пеной,2,4887
1752,Моби Дик,мгновение,1,4887
1753,Моби Дик,подумалось,1,4887
1754,Моби Дик,кондратьеву,1,4887
1755,Моби Дик,деле,1,4887
1756,Моби Дик,отблески,1,4887
1757,Моби Дик,заката,1,4887
1758,Моби Дик,покрыто,1,4887
1759,Моби Дик,низкими,2,4887
1760,Моби Дик,сплошными,1,4887
1761,Моби Дик,тучами,1,4887
1762,Моби Дик,лилово-черными,1,4887
1763,Моби Дик,западе,2,4887
1764,Моби Дик,справа,1,4887
1765,Моби Дик,курсу,2,4887
1766,Моби Дик,низко,1,4887
1767,Моби Дик,горизонтом,1,4887
1768,Моби Дик,висело,1,4887
1769,Моби Дик,сплюснутое,1,4887
1770,Моби Дик,багровое,1,4887
1771,Моби Дик,солнце,4,4887
1772,Моби Дик,свинцово-лиловый,1,4887
1773,Моби Дик,свинцово-лиловое,1,4887
1774,Моби Дик,кровавое,1,4887
1775,Моби Дик,миг,2,4887
1776,Моби Дик,искажающее,1,4887
1777,Моби Дик,залитое,1,4887
1778,Моби Дик,водой,3,4887
1779,Моби Дик,стекло,1,4887
1780,Моби Дик,вновь,3,4887
1781,Моби Дик,погрузилась,1,4887
1782,Моби Дик,зарывшись,1,4887
1783,Моби Дик,острым,1,4887
1784,Моби Дик,носом,3,4887
1785,Моби Дик,волну,1,4887
1786,Моби Дик,натужно,1,4887
1787,Моби Дик,взвыли,1,4887
1788,Моби Дик,курс…,2,4887
1789,Моби Дик,неслась,1,4887
1790,Моби Дик,глиссер,1,4887
1791,Моби Дик,прыгая,1,4887
1792,Моби Дик,гребня,1,4887
1793,Моби Дик,шлепая,1,4887
1794,Моби Дик,округлым,1,4887
1795,Моби Дик,днищем,1,4887
1796,Моби Дик,воде,1,4887
1797,Моби Дик,бело-розовая,1,4887
1798,Моби Дик,пена,1,4887
1799,Моби Дик,плескалась,1,4887
1800,Моби Дик,смывалась,1,4887
1801,Моби Дик,зеленоватой,1,4887
1802,Моби Дик,пузырящейся,1,4887
1803,Моби Дик,быстроходные,1,4887
1804,Моби Дик,способны,2,4887
1805,Моби Дик,передвигаться,1,4887
1806,Моби Дик,летающие,1,4887
1807,Моби Дик,рыбы,2,4887
1808,Моби Дик,вырываться,1,4887
1809,Моби Дик,полной,1,4887
1810,Моби Дик,скорости,1,4887
1811,Моби Дик,пролетать,1,4887
1812,Моби Дик,воздухе,3,4887
1813,Моби Дик,пятидесяти,1,4887
1814,Моби Дик,снова,8,4887
1815,Моби Дик,погружаться,2,4887
1816,Моби Дик,набрав,1,4887
1817,Моби Дик,скорость,1,4887
1818,Моби Дик,совершать,1,4887
1819,Моби Дик,новый,1,4887
1820,Моби Дик,прыжок,1,4887
1821,Моби Дик,преследовании,1,4887
1822,Моби Дик,обстоятельствах,1,4887
1823,Моби Дик,требующих,1,4887
1824,Моби Дик,способ,1,4887
1825,Моби Дик,передвижения,1,4887
1826,Моби Дик,незаменим,1,4887
1827,Моби Дик,спокойном,2,4887
1828,Моби Дик,слишком,2,4887
1829,Моби Дик,беспокойном,1,4887
1830,Моби Дик,океане,2,4887
1831,Моби Дик,буря,4,4887
1832,Моби Дик,субмарине,1,4887
1833,Моби Дик,поддавало,1,4887
1834,Моби Дик,подпрыгивала,1,4887
1835,Моби Дик,мяч,1,4887
1836,Моби Дик,футбольном,1,4887
1837,Моби Дик,поле,1,4887
1838,Моби Дик,притом,1,4887
1839,Моби Дик,непрерывно,1,4887
1840,Моби Дик,сбивало,1,4887
1841,Моби Дик,курса,1,4887
1842,Моби Дик,злился,1,4887
1843,Моби Дик,получая,1,4887
1844,Моби Дик,ответа,2,4887
1845,Моби Дик,вызовы,1,4887
1846,Моби Дик,кондратьев…,2,4887
1847,Моби Дик,видимо,2,4887
1848,Моби Дик,отнесло,1,4887
1849,Моби Дик,вернулся,2,4887
1850,Моби Дик,из-за,3,4887
1851,Моби Дик,меньше,1,4887
1852,Моби Дик,баллов,1,4887
1853,Моби Дик,ладно,1,4887
1854,Моби Дик,действовать,1,4887
1855,Моби Дик,скрывалось,1,4887
1856,Моби Дик,черными,1,4887
1857,Моби Дик,валами,1,4887
1858,Моби Дик,короткое,1,4887
1859,Моби Дик,выскакивало,1,4887
1860,Моби Дик,горизонта,1,4887
1861,Моби Дик,кроваво-черный,1,4887
1862,Моби Дик,бесконечные,1,4887
1863,Моби Дик,гряды,1,4887
1864,Моби Дик,катившиеся,1,4887
1865,Моби Дик,живым,1,4887
1866,Моби Дик,злым,1,4887
1867,Моби Дик,упрямством,1,4887
1868,Моби Дик,запада,2,4887
1869,Моби Дик,плохо,2,4887
1870,Моби Дик,шли,1,4887
1871,Моби Дик,меридиану,1,4887
1872,Моби Дик,преследования,1,4887
1873,Моби Дик,счета,1,4887
1874,Моби Дик,поверхности,3,4887
1875,Моби Дик,догнали,1,4887
1876,Моби Дик,дика…,1,4887
1877,Моби Дик,кашалот,4,4887
1878,Моби Дик,равно,1,4887
1879,Моби Дик,громадный,2,4887
1880,Моби Дик,длиной,1,4887
1881,Моби Дик,тонн,2,4887
1882,Моби Дик,весом,1,4887
1883,Моби Дик,грузный,1,4887
1884,Моби Дик,грациозный,1,4887
1885,Моби Дик,тупой,1,4887
1886,Моби Дик,мордой,1,4887
1887,Моби Дик,похожей,1,4887
1888,Моби Дик,обрубок,1,4887
1889,Моби Дик,баобабьего,1,4887
1890,Моби Дик,бревна,1,4887
1891,Моби Дик,твердой,1,4887
1892,Моби Дик,жесткой,1,4887
1893,Моби Дик,снизу,2,4887
1894,Моби Дик,мягкой,1,4887
1895,Моби Дик,расплывчатой,1,4887
1896,Моби Дик,сверху,1,4887
1897,Моби Дик,толстой,1,4887
1898,Моби Дик,черной,1,4887
1899,Моби Дик,шкурой,1,4887
1900,Моби Дик,разлиты,1,4887
1901,Моби Дик,драгоценные,1,4887
1902,Моби Дик,пуды,1,4887
1903,Моби Дик,спермацета,1,4887
1904,Моби Дик,ужасной,1,4887
1905,Моби Дик,пастью,2,4887
1906,Моби Дик,нижняя,1,4887
1907,Моби Дик,челюсть,1,4887
1908,Моби Дик,которой,1,4887
1909,Моби Дик,распахивается,1,4887
1910,Моби Дик,крышка,1,4887
1911,Моби Дик,перевернутого,1,4887
1912,Моби Дик,чемодана,1,4887
1913,Моби Дик,мощным,1,4887
1914,Моби Дик,горизонтальным,1,4887
1915,Моби Дик,хвостом,1,4887
1916,Моби Дик,одной,1,4887
1917,Моби Дик,длинной,1,4887
1918,Моби Дик,узкой,1,4887
1919,Моби Дик,ноздрей,1,4887
1920,Моби Дик,кончике,1,4887
1921,Моби Дик,рыла,1,4887
1922,Моби Дик,маленькими,1,4887
1923,Моби Дик,злыми,1,4887
1924,Моби Дик,белым,1,4887
1925,Моби Дик,морщинистым,1,4887
1926,Моби Дик,брюхом,1,4887
1927,Моби Дик,свирепый,1,4887
1928,Моби Дик,гроза,1,4887
1929,Моби Дик,животное,1,4887
1930,Моби Дик,выведет,1,4887
1931,Моби Дик,невест,2,4887
1932,Моби Дик,пора,3,4887
1933,Моби Дик,им,1,4887
1934,Моби Дик,подышать,2,4887
1935,Моби Дик,немного…,1,4887
1936,Моби Дик,бросил,1,4887
1937,Моби Дик,воду,3,4887
1938,Моби Дик,обогнал,1,4887
1939,Моби Дик,уклонился,1,4887
1940,Моби Дик,востоку,1,4887
1941,Моби Дик,занял,1,4887
1942,Моби Дик,свое,2,4887
1943,Моби Дик,строю,1,4887
1944,Моби Дик,звене,1,4887
1945,Моби Дик,идет,2,4887
1946,Моби Дик,левее,2,4887
1947,Моби Дик,выше,3,4887
1948,Моби Дик,баратбеков,1,4887
1949,Моби Дик,кончивший,1,4887
1950,Моби Дик,курсы,1,4887
1951,Моби Дик,год,2,4887
1952,Моби Дик,правее,2,4887
1953,Моби Дик,жена,2,4887
1954,Моби Дик,галочка,3,4887
1955,Моби Дик,ниже,2,4887
1956,Моби Дик,здоровяк,1,4887
1957,Моби Дик,сумрачный,1,4887
1958,Моби Дик,парень,1,4887
1959,Моби Дик,прирожденный,1,4887
1960,Моби Дик,глубоководник,1,4887
1961,Моби Дик,николас,1,4887
1962,Моби Дик,дрэгану,9,4887
1963,Моби Дик,пожилой,1,4887
1964,Моби Дик,профессор,2,4887
1965,Моби Дик,известный,1,4887
1966,Моби Дик,лингвист,1,4887
1967,Моби Дик,двадцатый,1,4887
1968,Моби Дик,проводивший,1,4887
1969,Моби Дик,охране,1,4887
1970,Моби Дик,более,3,4887
1971,Моби Дик,ста,2,4887
1972,Моби Дик,ультразвукового,1,4887
1973,Моби Дик,прожектора,1,4887
1974,Моби Дик,отчетливо,2,4887
1975,Моби Дик,силуэт,1,4887
1976,Моби Дик,круглое,1,4887
1977,Моби Дик,дрожащее,1,4887
1978,Моби Дик,пятно,1,4887
1979,Моби Дик,разбрасывающее,1,4887
1980,Моби Дик,искры,1,4887
1981,Моби Дик,плотнее,1,4887
1982,Моби Дик,скомандовал,1,4887
1983,Моби Дик,включи,1,4887
1984,Моби Дик,ультраакустику,1,4887
1985,Моби Дик,крикнул,1,4887
1986,Моби Дик,частота,1,4887
1987,Моби Дик,шестнадцать,1,4887
1988,Моби Дик,шестьсот,1,4887
1989,Моби Дик,пятьдесят…,1,4887
1990,Моби Дик,поют,3,4887
1991,Моби Дик,пульту,1,4887
1992,Моби Дик,каждая,1,4887
1993,Моби Дик,оснащена,1,4887
1994,Моби Дик,преобразователями,1,4887
1995,Моби Дик,ультразвука,1,4887
1996,Моби Дик,некоторых,1,4887
1997,Моби Дик,преобразователи,1,4887
1998,Моби Дик,инфразвука,2,4887
1999,Моби Дик,исследовательских,1,4887
2000,Моби Дик,полон,1,4887
2001,Моби Дик,звуков,1,4887
2002,Моби Дик,звучит,2,4887
2003,Моби Дик,сама,1,4887
2004,Моби Дик,вода,2,4887
2005,Моби Дик,гремят,1,4887
2006,Моби Дик,пропасти,1,4887
2007,Моби Дик,воют,1,4887
2008,Моби Дик,пищат,1,4887
2009,Моби Дик,медузы,1,4887
2010,Моби Дик,гудят,1,4887
2011,Моби Дик,стонут,1,4887
2012,Моби Дик,кальмары,2,4887
2013,Моби Дик,спруты,1,4887
2014,Моби Дик,скрипят,1,4887
2015,Моби Дик,киты,3,4887
2016,Моби Дик,некоторые,1,4887
2017,Моби Дик,красивее,1,4887
2018,Моби Дик,завертел,1,4887
2019,Моби Дик,штурвальчик,1,4887
2020,Моби Дик,преобразователя,1,4887
2021,Моби Дик,тонкая,1,4887
2022,Моби Дик,стрелка,1,4887
2023,Моби Дик,циферблате,1,4887
2024,Моби Дик,проползла,1,4887
2025,Моби Дик,отметку,1,4887
2026,Моби Дик,наполнилась,1,4887
2027,Моби Дик,гулкими,1,4887
2028,Моби Дик,звуками,1,4887
2029,Моби Дик,несомненно,1,4887
2030,Моби Дик,великий,2,4887
2031,Моби Дик,хором,1,4887
2032,Моби Дик,подпевали,1,4887
2033,Моби Дик,своему,1,4887
2034,Моби Дик,новому,1,4887
2035,Моби Дик,повелителю,1,4887
2036,Моби Дик,прохвост,1,4887
2037,Моби Дик,восхищением,1,4887
2038,Моби Дик,голосистый,1,4887
2039,Моби Дик,отозвалась,1,4887
2040,Моби Дик,галя,1,4887
2041,Моби Дик,скотина,1,4887
2042,Моби Дик,горластая,1,4887
2043,Моби Дик,проворчал,1,4887
2044,Моби Дик,пират…,1,4887
2045,Моби Дик,орал,1,4887
2046,Моби Дик,уа-ау-у-у…,2,4887
2047,Моби Дик,уа,1,4887
2048,Моби Дик,подруги,1,4887
2049,Моби Дик,отвечали,1,4887
2050,Моби Дик,и-и-и…,2,4887
2051,Моби Дик,иа-и-и…,1,4887
2052,Моби Дик,переводил,1,4887
2053,Моби Дик,скорее,2,4887
2054,Моби Дик,там…,1,4887
2055,Моби Дик,роскошное,1,4887
2056,Моби Дик,угощение…,1,4887
2057,Моби Дик,киты…,1,4887
2058,Моби Дик,жирные,2,4887
2059,Моби Дик,вкусные,1,4887
2060,Моби Дик,беспомощные,1,4887
2061,Моби Дик,матери…,1,4887
2062,Моби Дик,скорее…,1,4887
2063,Моби Дик,отставайте,1,4887
2064,Моби Дик,отвечают,1,4887
2065,Моби Дик,спешим…,1,4887
2066,Моби Дик,спешим,1,4887
2067,Моби Дик,изо,2,4887
2068,Моби Дик,сил…,2,4887
2069,Моби Дик,расстояние,2,4887
2070,Моби Дик,сократилось,1,4887
2071,Моби Дик,шестидесяти,1,4887
2072,Моби Дик,начинать,1,4887
2073,Моби Дик,искусственных,1,4887
2074,Моби Дик,пастбищ,1,4887
2075,Моби Дик,отлеживались,1,4887
2076,Моби Дик,синие,1,4887
2077,Моби Дик,детенышами,1,4887
2078,Моби Дик,оставалось,1,4887
2079,Моби Дик,сорока,1,4887
2080,Моби Дик,километров,2,4887
2081,Моби Дик,собирается,1,4887
2082,Моби Дик,вниз,2,4887
2083,Моби Дик,есть…,1,4887
2084,Моби Дик,нырнули,1,4887
2085,Моби Дик,заходя,1,4887
2086,Моби Дик,звезду,2,4887
2087,Моби Дик,видят,1,4887
2088,Моби Дик,следовало,1,4887
2089,Моби Дик,осторожным,1,4887
2090,Моби Дик,заметив,1,4887
2091,Моби Дик,преследователей,1,4887
2092,Моби Дик,могли,1,4887
2093,Моби Дик,начать,1,4887
2094,Моби Дик,игру,1,4887
2095,Моби Дик,трех,1,4887
2096,Моби Дик,измерениях,1,4887
2097,Моби Дик,километр,1,4887
2098,Моби Дик,игра,1,4887
2099,Моби Дик,прятки,1,4887
2100,Моби Дик,наличии,1,4887
2101,Моби Дик,пяти,1,4887
2102,Моби Дик,затруднила,1,4887
2103,Моби Дик,выйдя,1,4887
2104,Моби Дик,перерезали,1,4887
2105,Моби Дик,ей,1,4887
2106,Моби Дик,дорогу,1,4887
2107,Моби Дик,вглубь,1,4887
2108,Моби Дик,ограничивали,1,4887
2109,Моби Дик,маневр,1,4887
2110,Моби Дик,двумя,1,4887
2111,Моби Дик,измерениями,1,4887
2112,Моби Дик,наконец-то,1,4887
2113,Моби Дик,сжалась,1,4887
2114,Моби Дик,пошла,1,4887
2115,Моби Дик,зевать,2,4887
2116,Моби Дик,зеваем,1,4887
2117,Моби Дик,недовольно,1,4887
2118,Моби Дик,лингвистики,1,4887
2119,Моби Дик,нравились,1,4887
2120,Моби Дик,атрибуты,1,4887
2121,Моби Дик,старинного,1,4887
2122,Моби Дик,морского,1,4887
2123,Моби Дик,военного,1,4887
2124,Моби Дик,обихода,1,4887
2125,Моби Дик,подпирали,1,4887
2126,Моби Дик,иду,1,4887
2127,Моби Дик,кверху,1,4887
2128,Моби Дик,включил,2,4887
2129,Моби Дик,полную,1,4887
2130,Моби Дик,увидим,1,4887
2131,Моби Дик,воочию,1,4887
2132,Моби Дик,пират,2,4887
2133,Моби Дик,убийца,1,4887
2134,Моби Дик,ревом,1,4887
2135,Моби Дик,вырвалась,1,4887
2136,Моби Дик,водоворота,1,4887
2137,Моби Дик,пронеслась,1,4887
2138,Моби Дик,сверкнув,1,4887
2139,Моби Дик,чешуей,1,4887
2140,Моби Дик,пенистым,1,4887
2141,Моби Дик,гребнем,1,4887
2142,Моби Дик,ушла,2,4887
2143,Моби Дик,оставляя,1,4887
2144,Моби Дик,клочья,2,4887
2145,Моби Дик,синтетической,1,4887
2146,Моби Дик,слизи,1,4887
2147,Моби Дик,зашло,1,4887
2148,Моби Дик,тускло,1,4887
2149,Моби Дик,горела,1,4887
2150,Моби Дик,багровая,1,4887
2151,Моби Дик,полоска,1,4887
2152,Моби Дик,океаном,2,4887
2153,Моби Дик,светились,1,4887
2154,Моби Дик,тучи,1,4887
2155,Моби Дик,царили,1,4887
2156,Моби Дик,сумерки,1,4887
2157,Моби Дик,разгаре,1,4887
2158,Моби Дик,двигались,1,4887
2159,Моби Дик,стремительнее,1,4887
2160,Моби Дик,расшвыривали,1,4887
2161,Моби Дик,мохнатые,1,4887
2162,Моби Дик,пены,1,4887
2163,Моби Дик,первом,1,4887
2164,Моби Дик,прыжке,2,4887
2165,Моби Дик,разглядел,1,4887
2166,Моби Дик,белесое,1,4887
2167,Моби Дик,светящееся,1,4887
2168,Моби Дик,черные,2,4887
2169,Моби Дик,плюющиеся,1,4887
2170,Моби Дик,зато,1,4887
2171,Моби Дик,пучины,1,4887
2172,Моби Дик,третий,1,4887
2173,Моби Дик,метрах,1,4887
2174,Моби Дик,вырвалось,1,4887
2175,Моби Дик,громадное,1,4887
2176,Моби Дик,черное,1,4887
2177,Моби Дик,тело,1,4887
2178,Моби Дик,повисло,1,4887
2179,Моби Дик,тупое,1,4887
2180,Моби Дик,срезанное,1,4887
2181,Моби Дик,рыло,1,4887
2182,Моби Дик,широкий,1,4887
2183,Моби Дик,раздвоенный,1,4887
2184,Моби Дик,хвост,1,4887
2185,Моби Дик,описало,1,4887
2186,Моби Дик,белесом,1,4887
2187,Моби Дик,небе,1,4887
2188,Моби Дик,длинную,1,4887
2189,Моби Дик,медленную,1,4887
2190,Моби Дик,дугу,1,4887
2191,Моби Дик,скрылось,1,4887
2192,Моби Дик,бегущими,1,4887
2193,Моби Дик,вылетел,1,4887
2194,Моби Дик,ровный,1,4887
2195,Моби Дик,ряд,1,4887
2196,Моби Дик,теней,1,4887
2197,Моби Дик,поменьше,2,4887
2198,Моби Дик,скрылся,1,4887
2199,Моби Дик,ультразвуковом,1,4887
2200,Моби Дик,запрыгали,1,4887
2201,Моби Дик,огромные,1,4887
2202,Моби Дик,опять,1,4887
2203,Моби Дик,вверх…,1,4887
2204,Моби Дик,минуты,1,4887
2205,Моби Дик,полета,1,4887
2206,Моби Дик,кипящим,1,4887
2207,Моби Дик,океаном…,1,4887
2208,Моби Дик,гигантская,1,4887
2209,Моби Дик,туша,1,4887
2210,Моби Дик,вылетает,1,4887
2211,Моби Дик,пролетает,1,4887
2212,Моби Дик,пенистыми,1,4887
2213,Моби Дик,гребнями,1,4887
2214,Моби Дик,исчезает,1,4887
2215,Моби Дик,туш,1,4887
2216,Моби Дик,полете…,1,4887
2217,Моби Дик,заливает,1,4887
2218,Моби Дик,пузырчатая,1,4887
2219,Моби Дик,белесая,1,4887
2220,Моби Дик,ж,1,4887
2221,Моби Дик,кончать,1,4887
2222,Моби Дик,диком,2,4887
2223,Моби Дик,гигантским,1,4887
2224,Моби Дик,кашалотом,1,4887
2225,Моби Дик,прижат,1,4887
2226,Моби Дик,уйти,1,4887
2227,Моби Дик,сердитый,1,4887
2228,Моби Дик,азартный,1,4887
2229,Моби Дик,повернуть,1,4887
2230,Моби Дик,вправо,1,4887
2231,Моби Дик,влево,1,4887
2232,Моби Дик,флангах,1,4887
2233,Моби Дик,опытные,1,4887
2234,Моби Дик,охотники,1,4887
2235,Моби Дик,хвосте,1,4887
2236,Моби Дик,ловит,1,4887
2237,Моби Дик,прицел,1,4887
2238,Моби Дик,акустической,1,4887
2239,Моби Дик,пушки,2,4887
2240,Моби Дик,черный,1,4887
2241,Моби Дик,горб,3,4887
2242,Моби Дик,целиться,1,4887
2243,Моби Дик,мозжечок,1,4887
2244,Моби Дик,наверняка,1,4887
2245,Моби Дик,дику,2,4887
2246,Моби Дик,придется,1,4887
2247,Моби Дик,мучиться,1,4887
2248,Моби Дик,бедный,1,4887
2249,Моби Дик,глупый,1,4887
2250,Моби Дик,груда,1,4887
2251,Моби Дик,свирепых,1,4887
2252,Моби Дик,мускулов,2,4887
2253,Моби Дик,маленький,1,4887
2254,Моби Дик,мозг,1,4887
2255,Моби Дик,набитый,1,4887
2256,Моби Дик,жадностью,1,4887
2257,Моби Дик,прочнейших,1,4887
2258,Моби Дик,сильнейших,1,4887
2259,Моби Дик,литра,1,4887
2260,Моби Дик,мозга,1,4887
2261,Моби Дик,соперничать,1,4887
2262,Моби Дик,человеком,1,4887
2263,Моби Дик,разбойник,1,4887
2264,Моби Дик,ликовал,1,4887
2265,Моби Дик,стремглав,1,4887
2266,Моби Дик,кипящей,1,4887
2267,Моби Дик,мчался,1,4887
2268,Моби Дик,теплом,1,4887
2269,Моби Дик,захватывая,1,4887
2270,Моби Дик,чудовищной,1,4887
2271,Моби Дик,перевернутый,1,4887
2272,Моби Дик,чемодан,1,4887
2273,Моби Дик,плюхался,1,4887
2274,Моби Дик,рассвете,1,4887
2275,Моби Дик,убил,1,4887
2276,Моби Дик,слугу,1,4887
2277,Моби Дик,человека,1,4887
2278,Моби Дик,прыгали,1,4887
2279,Моби Дик,вслед,1,4887
2280,Моби Дик,мчались,1,4887
2281,Моби Дик,торопясь,1,4887
2282,Моби Дик,подводные,1,4887
2283,Моби Дик,лежбища,1,4887
2284,Моби Дик,синих,1,4887
2285,Моби Дик,сладкие,1,4887
2286,Моби Дик,матери,1,4887
2287,Моби Дик,повернувшись,1,4887
2288,Моби Дик,спину,1,4887
2289,Моби Дик,подставляют,1,4887
2290,Моби Дик,соски,1,4887
2291,Моби Дик,новорожденным,1,4887
2292,Моби Дик,китятам,1,4887
2293,Моби Дик,подруг,1,4887
2294,Моби Дик,пир,1,4887
2295,Моби Дик,осталось,1,4887
2296,Моби Дик,отличное,1,4887
2297,Моби Дик,инфразвуковой,1,4887
2298,Моби Дик,нажал,1,4887
2299,Моби Дик,спусковую,1,4887
2300,Моби Дик,клавишу…,1,4887
2301,Моби Дик,потонул,1,4887
2302,Моби Дик,повернули,1,4887
2303,Моби Дик,растерянных,1,4887
2304,Моби Дик,негодующих,1,4887
2305,Моби Дик,север,1,4887
2306,Моби Дик,погнали,1,4887
2307,Моби Дик,прочь,1,4887
2308,Моби Дик,голове,1,4887
2309,Моби Дик,пристроился,1,4887
2310,Моби Дик,успел,1,4887
2311,Моби Дик,записать,1,4887
2312,Моби Дик,понеслись,1,4887
2313,Моби Дик,вопли,1,4887
2314,Моби Дик,уа-а-у-у…,1,4887
2315,Моби Дик,уа…,1,4887
2316,Моби Дик,уа-а-ау,1,4887
2317,Моби Дик,глупые,1,4887
2318,Моби Дик,повеселели,1,4887
2319,Моби Дик,устремились,1,4887
2320,Моби Дик,субмариной,1,4887
2321,Моби Дик,макса,1,4887
2322,Моби Дик,приходилось,1,4887
2323,Моби Дик,подгонять,1,4887
2324,Моби Дик,опускался,1,4887
2325,Моби Дик,пучину,1,4887
2326,Моби Дик,черном,1,4887
2327,Моби Дик,горбу,3,4887
2328,Моби Дик,пришелся,1,4887
2329,Моби Дик,мощный,1,4887
2330,Моби Дик,удар,1,4887
2331,Моби Дик,вспух,1,4887
2332,Моби Дик,бугор,2,4887
2333,Моби Дик,вбил,1,4887
2334,Моби Дик,толстую,1,4887
2335,Моби Дик,шкуру,2,4887
2336,Моби Дик,стальную,1,4887
2337,Моби Дик,трубу,1,4887
2338,Моби Дик,компрессор,1,4887
2339,Моби Дик,хлынул,1,4887
2340,Моби Дик,сжатого,1,4887
2341,Моби Дик,располнел,1,4887
2342,Моби Дик,исчез,1,4887
2343,Моби Дик,заметным,1,4887
2344,Моби Дик,тонуть,1,4887
2345,Моби Дик,полутора,1,4887
2346,Моби Дик,начал,1,4887
2347,Моби Дик,подниматься,1,4887
2348,Моби Дик,поднимался,1,4887
2349,Моби Дик,волнах,2,4887
2350,Моби Дик,гигантских,1,4887
2351,Моби Дик,качелях,1,4887
2352,Моби Дик,открыл,1,4887
2353,Моби Дик,люк,2,4887
2354,Моби Дик,высунулся,1,4887
2355,Моби Дик,пояс,1,4887
2356,Моби Дик,опасное,1,4887
2357,Моби Дик,устойчивы,1,4887
2358,Моби Дик,тому,1,4887
2359,Моби Дик,захлестывали,1,4887
2360,Моби Дик,поднимали,1,4887
2361,Моби Дик,высоко,1,4887
2362,Моби Дик,белесому,1,4887
2363,Моби Дик,небу,1,4887
2364,Моби Дик,бросали,1,4887
2365,Моби Дик,черную,1,4887
2366,Моби Дик,водяную,1,4887
2367,Моби Дик,пропасть,1,4887
2368,Моби Дик,жидкими,1,4887
2369,Моби Дик,скалами,1,4887
2370,Моби Дик,мерно,1,4887
2371,Моби Дик,взлетал,1,4887
2372,Моби Дик,падал,1,4887
2373,Моби Дик,зловещий,1,4887
2374,Моби Дик,внушительный,1,4887
2375,Моби Дик,вид,1,4887
2376,Моби Дик,короче,1,4887
2377,Моби Дик,гораздо,1,4887
2378,Моби Дик,шире,1,4887
2379,Моби Дик,мокро,1,4887
2380,Моби Дик,блестела,1,4887
2381,Моби Дик,живая,1,4887
2382,Моби Дик,раздутая,1,4887
2383,Моби Дик,сжатым,1,4887
2384,Моби Дик,воздухом,2,4887
2385,Моби Дик,шкура,2,4887
2386,Моби Дик,конец,1,4887
2387,Моби Дик,рубку,1,4887
2388,Моби Дик,захлопнул,1,4887
2389,Моби Дик,радиопередатчик,1,4887
2390,Моби Дик,дня,1,4887
2391,Моби Дик,утихнет,1,4887
2392,Моби Дик,запеленгуют,1,4887
2393,Моби Дик,придут,1,4887
2394,Моби Дик,пока,1,4887
2395,Моби Дик,покачаться,1,4887
2396,Моби Дик,невесты,1,4887
2397,Моби Дик,нежные,1,4887
2398,Моби Дик,новорожденные,1,4887
2399,Моби Дик,хищники,1,4887
2400,Моби Дик,тронут,1,4887
2401,Моби Дик,касатки,1,4887
2402,Моби Дик,морские,1,4887
2403,Моби Дик,птицы,1,4887
2404,Моби Дик,надута,1,4887
2405,Моби Дик,простым,1,4887
2406,Моби Дик,чистым,1,4887
2407,Моби Дик,прощай,2,4887
2408,Моби Дик,новой,1,4887
2409,Моби Дик,встречи,1,4887
2410,Моби Дик,долго-долго,1,4887
2411,Моби Дик,искать,2,4887
2412,Моби Дик,океанам,1,4887
2413,Моби Дик,моей,1,4887
2414,Моби Дик,планеты,1,4887
2415,Моби Дик,убивать,1,4887
2416,Моби Дик,бурной,1,4887
2417,Моби Дик,волной,1,4887
2418,Моби Дик,вечно,1,4887
2419,Моби Дик,спокойных,1,4887
2420,Моби Дик,глубинах,1,4887
2421,Моби Дик,ловить,1,4887
2422,Моби Дик,перекрестие,1,4887
2423,Моби Дик,прицела,1,4887
2424,Моби Дик,твой,1,4887
2425,Моби Дик,жирный,1,4887
2426,Моби Дик,загривок,1,4887
2427,Моби Дик,устал,1,4887
2428,Моби Дик,вернусь,1,4887
2429,Моби Дик,поставлю,1,4887
2430,Моби Дик,голубку,1,4887
2431,Моби Дик,ангар,1,4887
2432,Моби Дик,прощаясь,1,4887
2433,Моби Дик,обычаю,1,4887
2434,Моби Дик,поцелую,1,4887
2435,Моби Дик,мокрый,1,4887
2436,Моби Дик,дружок,1,4887
2437,Моби Дик,ждут,1,4887
